22569
94338
64019
85925
44665
63989
29157
94231
95240
28797
54002
68838
10815
5620
24244
83563
500
47025
79575
86782
95641
15187
54392
97069
79407
20198
20488
97400
75384
79189
40912
77740
92169
33293
98958
82715
48958
49194
80349
46036
80551
33792
37587
72740
71552
27880
24099
29705
12447
97317
65091
97551
81990
11442
36681
33001
74393
54026
24750
99501
7369
80051
98068
3276
37359
775
82052
95212
22612
42241
44368
89349
14445
44609
74839
86036
53732
58396
18918
64575
18993
12739
43452
13190
49351
25709
39622
98146
11819
28452
30025
86109
26112
53002
56479
47309
21310
42853
77272
18798
13121
63438
76001
12891
81565
45458
91554
53225
42670
74275
67618
93408
40878
97598
14405
53111
88064
51673
89141
69099
30506
61577
35006
17083
78495
83949
46899
50787
22970
17211
94927
60020
21191
99781
94550
15052
11707
14952
6330
27927
60708
58833
79961
13601
890
98539
95779
59958
82997
28841
17657
2361
87512
16268
88209
81725
33291
9074
25462
88323
66759
74300
33804
91217
6667
56987
28114
86251
24715
96374
39392
15697
94568
20410
80240
82037
18298
22878
36953
71159
18377
43377
23158
5471
83612
23619
76741
65398
76104
27373
26155
25505
62474
24733
99540
54650
80560
866
90201
11533
86450
98769
67706
59981
60638
12402
69547
92497
62385
14090
14060
85742
27073
72837
31503
46449
68855
37055
52382
54105
96794
36272
84693
95567
97222
65554
46699
30916
59612
99056
44942
78597
52243
36077
70060
4221
84588
27149
93870
90503
3
8036
85215
77038
67649
67577
81770
88644
24783
33783
14785
9403
45797
32144
88186
27811
19328
78286
66260
26049
56017
4920
17207
20520
54130
62493
38553
97110
17012
45760
79965
61774
71413
48224
11127
13229
78573
45250
98474
363
12263
94045
33874
50449
46444
48354
14429
58897
59802
67622
58451
51846
44148
87086
60503
98505
95700
93046
59942
37516
47068
92606
77053
59991
54473
10737
19383
76606
78440
20083
5075
57211
94083
9478
45716
90029
59828
58201
78754
83308
43898
90126
71117
61351
82569
37638
86130
37564
70588
91468
14327
916
70374
78458
48048
8185
62789
75628
83172
74324
23224
96191
57065
50023
39527
40357
36651
6660
9441
64457
37804
19400
89283
38041
7078
10264
41972
25940
50124
98454
88590
75986
12879
67136
3958
84778
68507
68357
79373
7972
76385
78692
31551
79324
49040
87396
3704
65455
53725
10922
3638
6630
53697
94490
98074
65948
44193
38925
75832
80173
1449
71722
96494
21341
65490
15140
20882
65570
91459
59569
89667
97967
61395
60835
28642
1693
90412
36516
41689
31736
50539
93138
36121
87524
9444
32949
66306
70635
28195
33049
46043
63556
69741
26253
82625
68032
56645
21014
99196
61460
34410
20368
21165
16350
36861
21187
43812
97943
7937
74942
44591
45716
75771
65298
18828
46456
4889
45101
36319
46521
58095
52210
54783
47469
18076
41554
49066
73073
67563
2857
27065
78517
17782
37911
62255
90504
16324
60537
10283
12444
31347
47971
75836
50198
66289
2557
41908
8372
22148
68183
68469
14427
46250
20714
18792
61019
64218
65613
49357
20801
22921
87121
67501
95642
9161
43449
85771
48703
85068
68025
83961
59618
40390
20618
33158
57138
48336
29926
82453
75854
51433
93639
55753
36580
87351
4471
15292
70213
36075
72851
41039
91559
51139
72801
97500
5878
84393
16011
8391
68696
53176
47799
82771
58971
76734
33284
43504
33182
43325
72067
23954
78777
88268
77295
39518
28873
34779
82955
3005
35452
30228
62103
40147
88533
18300
98831
59625
51709
10840
90816
81766
41607
54157
95334
43068
96125
51872
21223
12575
24972
30748
66502
91825
72521
40145
37766
51736
70046
20473
39867
63888
80405
49943
38350
55965
8000
91993
60269
33273
59683
98428
26828
5036
60287
7054
14300
65786
23963
52590
3110
45654
37137
33935
9125
14100
71826
55516
86781
11195
77303
63926
16187
21849
90149
84633
87307
62321
65852
64317
44048
54864
19964
7447
26212
54622
70165
73183
97548
26831
4233
60685
15158
72121
992
95645
8402
34688
33192
45873
31402
26124
97095
93878
30976
82172
86079
83262
97282
96308
69404
2924
95276
74066
83453
36719
96571
29727
46428
78245
66889
79104
7516
68353
34474
4780
43086
9192
92002
17208
62240
60981
59104
34382
91267
4412
99163
96989
48343
18251
8488
46377
10901
42988
74165
58947
1944
23239
50629
6323
33705
90692
11593
51473
2694
73231
62423
73940
62703
74004
20233
15842
13004
44618
41908
68325
9438
13068
17091
84159
47745
79810
9616
84212
40890
12862
39743
18918
51267
52994
63159
82942
26544
22079
65534
39366
73981
7481
97232
92532
94742
23078
86491
40544
14082
6997
92569
57238
71213
49579
10443
90439
25169
6056
27279
33146
10464
27720
89598
60256
68529
48678
65349
55077
30628
96251
17661
75970
90964
91812
82953
65168
45080
40258
91820
52791
55893
43098
7108
54436
34628
79325
33575
8057
62235
98274
50136
84126
29851
86062
81126
95893
17622
55990
49250
48683
99386
7803
13946
78698
8095
74485
49559
77292
78601
49419
53647
57579
35609
89693
73864
65459
92662
10245
65834
66392
35956
19122
56576
46340
61279
19732
39627
51305
38022
3062
22242
13108
16742
324
5225
58018
15314
29838
62093
44621
30652
97253
90522
25951
79555
57219
68889
21064
3161
83527
91978
97194
46383
43293
48153
45392
60895
59388
29664
57375
72789
25769
57113
58661
37020
99322
72062
52494
70945
25460
40832
77270
54822
53237
75616
11896
57861
16686
3404
2245
99646
29512
61337
5713
93663
9352
68346
72487
24144
6317
82459
59484
92440
18997
10396
2657
72879
66816
79149
60786
18432
63340
96163
34987
8602
70495
80692
1659
43893
48867
39348
6288
956
58316
67565
49970
46330
69301
10708
99404
9125
52393
35598
77092
36386
50013
99839
43756
74995
74138
88490
97969
97924
7896
97994
33553
60910
67622
21547
22826
47685
77447
89702
99437
18117
84854
87000
9584
42644
63242
12350
26243
83539
55444
28782
63195
13767
32389
50133
61130
39646
32877
4009
99760
63712
20702
41642
56747
37492
51279
48634
38665
61451
66332
56085
79774
10989
82923
39503
9905
97631
69737
85865
11313
16910
13715
11888
67109
38203
31217
52498
58272
93570
60380
22109
115
45576
16673
52022
86781
2656
76093
66195
47518
11802
51880
81942
73897
91210
95694
58854
6775
79664
46680
22123
86616
76265
63018
58118
76997
91122
74149
54155
15281
90388
34220
33788
42270
28560
25060
49731
74891
80775
98165
33067
20267
9575
37389
10299
27441
42190
73380
83729
90119
23548
88122
95031
35358
85337
38396
42309
34912
84416
48453
61651
4033
49703
15809
14456
26676
31372
90157
2596
26618
97757
80346
44822
61109
2596
89809
24411
47642
1773
16
25540
15461
80438
14994
8226
5991
40050
7533
87841
78746
33433
51061
45150
26293
42352
48510
30726
45210
17680
25855
75597
49261
44054
91121
24616
2624
97127
33302
92967
72457
78301
31063
73202
37909
55218
50982
38079
73813
16455
56098
13293
93175
14834
57337
36449
31056
99
39368
4090
17685
73329
9917
33555
26600
92229
89853
82804
44271
78466
94082
79957
6177
31216
20124
9361
25018
46116
99577
73347
53582
53197
90111
31359
52922
51134
62965
44303
56726
6067
80738
55080
63686
49154
50349
38409
39440
68767
21987
52560
5064
2123
56568
11929
18086
48602
91076
28947
19289
55424
53454
16545
8725
28312
8487
63850
56776
61873
91725
65373
3467
42325
41072
8100
45908
69718
54994
35748
33544
96792
82375
41423
72493
18741
41883
8006
7613
74801
97427
36494
16022
69755
27051
80077
15343
57724
45439
92609
74053
59711
9093
45182
8372
36445
30200
40258
95969
9539
9712
19575
62324
78563
74092
44388
16579
31220
28497
16368
61449
18599
61676
62132
39861
95047
15795
64220
19039
73612
61034
8282
94389
13148
21858
67398
7412
45086
29979
92758
80914
15101
25194
49846
29752
77813
84438
54693
94510
9501
93309
31724
82830
42320
83667
5403
34810
59226
47722
91489
64777
6236
7277
31463
10108
70524
47078
27722
29135
40333
1344
91700
17611
98134
25062
17430
22489
96577
72778
38020
77009
64578
16898
37485
59952
18914
81773
83285
22120
20551
61748
95824
3217
12930
54923
78877
50973
65108
67062
50557
93386
14813
91304
31440
9584
54563
20839
45482
62362
49980
24620
18870
96113
33017
70854
57863
88308
47919
17534
38743
37060
61858
45621
29790
19132
77839
79465
18289
15037
52535
6518
8532
9063
87684
63514
3837
51877
7545
26321
52711
11583
84570
21311
64943
78194
22581
69260
71151
3229
77803
18537
51605
850
4959
49585
28479
70893
7898
44330
72213
57536
92857
42891
86690
91372
16820
48920
752
40109
57931
26120
22240
14669
61902
4903
18275
20408
46345
91576
216
62575
1643
39474
95491
4182
94578
25132
58726
68392
99541
57715
22942
55754
64942
57111
78460
47293
91745
50790
798
45677
58829
85488
14122
96870
69326
60522
71558
83207
5356
45774
27703
23278
8227
83071
95188
25907
55280
92298
39495
92849
68949
41095
960
46399
27370
15648
95477
62300
34656
2537
62041
64329
48531
45133
16151
28240
79659
12137
25804
8034
27055
22993
8575
37215
75687
28369
48318
46958
95916
97455
67702
75181
20334
42443
60206
28258
93441
96744
43777
55311
63941
32740
78838
47236
40241
40963
40222
29743
54428
81130
44137
20270
99431
43399
38181
22693
33130
86190
82036
83083
74489
65055
95080
32607
8563
59235
49310
33592
36328
93236
28309
36762
388
81084
99337
70852
53819
27062
89680
95942
28691
31217
35985
73711
44585
24371
68604
53381
70465
41818
2953
61870
61485
90814
12369
43691
41721
20626
89795
46565
24689
28745
7460
82079
68592
21493
86982
23851
18790
72650
4932
41496
23077
88737
37399
78409
40840
90841
64184
10273
28799
95929
67635
69531
76188
14384
17252
19990
28948
66844
48368
10541
57618
68681
43202
26532
59294
87122
77281
98270
57733
78627
47339
45996
4709
82015
89073
39232
15095
42557
38030
47327
55386
74509
33732
9269
39704
46041
40565
45059
66327
34918
34427
31475
75326
8154
84900
42764
1377
84311
45870
32321
86220
84453
43131
10019
75336
92559
75889
92247
76
61603
11345
22018
59268
35133
7793
9281
70166
58397
38008
44662
759
25268
57046
19228
89289
38334
97790
54171
27503
10282
86305
57399
60431
12853
2087
74947
90114
90739
98764
19123
96411
95087
21045
90511
44049
76811
44782
29763
25451
34016
7426
60819
35655
41929
72598
41324
39079
26203
8770
18390
4121
8844
19277
94885
77794
37557
43396
99279
21830
14130
57078
44888
50550
27142
81007
63977
28790
80795
95215
52255
37130
39687
89831
18687
43548
13642
95631
16519
64877
36276
64167
90016
65814
78915
58728
59023
72473
86986
47237
38955
55785
17742
65284
77226
51987
58794
62675
84244
25895
4018
65640
47864
95719
11316
26810
17405
22410
88570
14837
69872
92205
49356
37502
93693
34136
90227
25732
9593
12937
7448
64479
15004
62815
81387
27272
29132
29956
46336
9172
7764
90775
68883
83341
64307
39734
47244
52623
79185
77125
26238
3100
9389
34237
76105
81949
72657
75380
15359
55766
10663
98148
60388
99269
65061
2971
5294
95862
86883
87679
11084
50534
8910
99580
74883
68722
10068
97931
61236
60923
55072
91840
79449
87352
640
84304
45614
18328
47649
88125
5452
84563
86300
70304
44560
20811
36938
40050
30139
26532
41235
34199
93170
41757
26180
9383
37382
97451
19007
53594
45774
69681
41772
29360
40720
10621
93774
64346
61759
14945
36816
33480
13053
60045
53438
57008
56034
44262
64175
23256
45333
26949
47584
22944
42135
98190
76797
64687
99167
23115
15864
58232
42207
29925
18684
19528
95046
51999
48506
30863
30783
21231
16802
95113
42295
34745
98863
19304
36636
40809
67289
24992
39968
22765
67598
35054
53437
909
14202
57446
87410
33032
94914
87448
90380
67276
63281
78429
71776
40689
97034
12900
38420
44147
12124
96436
82685
51595
659
23485
43875
87945
18763
65919
87297
84623
70624
4022
72585
88749
88545
95041
74213
21172
48578
11629
52407
77977
70353
78211
49985
95273
70336
98731
20257
92867
60321
49468
15508
57367
61072
38881
94844
10553
2922
61545
10236
353
36699
85098
12480
67490
64533
89075
68089
41412
60124
90573
79462
97985
18783
51502
32142
89753
44161
69050
26922
84467
89045
42613
22080
60432
65576
73898
95113
13133
21304
72433
29460
32277
17443
49664
23908
52864
27802
4945
23508
8717
95380
3052
87291
90071
71103
79153
20331
59287
66641
91428
84403
15989
48796
29301
68388
85356
38912
56266
27152
39322
76571
45132
72398
32288
63964
91659
26426
20028
14069
95759
65018
69953
76782
80188
27580
2096
22485
59744
44411
85525
56531
1533
49184
1312
77723
35406
36868
51678
25436
18839
72788
86067
85558
85645
52237
91094
79945
22495
26983
83082
10440
66208
16846
84277
54541
92018
80619
81662
84390
68081
92738
37992
15789
39961
91221
37893
54773
20372
67269
35065
17376
74884
29784
96045
3566
92810
89590
79819
61871
30864
49869
30109
95866
2553
57781
24093
78390
72451
94766
7224
64821
55190
92933
27780
27233
94060
6326
3738
83022
6173
50315
50770
7407
6469
60578
4731
45093
26100
85932
44019
93362
65619
85234
6505
37388
65262
50706
54764
64557
28226
83688
10160
17830
92036
33576
99037
84788
80907
3559
71667
14187
76315
43033
39582
54543
36687
86068
33009
64865
45922
43476
55458
10294
63418
34457
23011
92836
16946
82954
14776
48853
20867
50268
98842
89630
89326
95694
52903
61642
82440
76748
51907
68719
93634
2291
88655
27170
98612
62516
16196
20838
8454
33042
98060
40159
66747
90437
73662
51077
11066
61185
27476
67700
65338
84656
88138
50304
4425
47196
23701
72614
72697
63593
33758
11550
51656
76479
56730
6572
91882
1605
80487
28310
47445
10248
97157
75728
39529
63804
14926
80595
15930
35322
95027
90668
87227
9095
79957
40368
30025
12501
69341
59981
15441
21602
41113
27196
17695
31742
85171
51251
32228
40907
4879
63319
77859
96061
48320
6606
20280
94976
71112
13746
66757
60665
56651
48258
43803
44069
85710
82803
37217
3229
1394
26339
66468
13627
36103
32270
52923
50838
44206
23609
88630
75753
79567
8076
88355
5651
7731
3325
7452
93911
17311
41223
36688
5411
32846
96730
21836
55821
97930
79115
61958
9626
43847
85260
84678
22808
52956
85463
60658
17483
85119
42852
68148
23269
51707
94745
906
41614
80240
59329
31369
2180
21320
56661
84911
45403
44593
23447
81060
23301
36508
56414
49708
18445
29649
62764
94988
75230
98221
87771
78902
42496
7513
32949
15410
13218
360
42211
8555
68211
68973
49021
92948
29898
30390
13345
23733
55238
89609
76703
27222
72016
78681
41904
59814
9821
29701
51174
92712
30351
12013
96543
82875
20730
50770
15059
79909
31140
80553
7533
92891
51846
75452
29239
38063
64047
67901
14701
46423
37544
44520
36052
45238
78258
47284
44995
93481
44107
66805
59071
68976
26320
48465
44229
82743
49917
51516
44065
48895
2767
33011
28507
19662
13386
57490
93265
82352
90006
72978
64063
8585
46724
2083
87003
78296
69167
64513
97661
16073
47838
13014
33755
8407
76709
48012
56499
29435
31243
39757
87682
44310
47079
42873
17394
66936
48612
39491
78960
38954
29763
51913
51994
52062
18175
5390
89047
36240
29643
47605
16865
33817
38712
55580
47102
26097
71187
28883
56813
35806
77131
2903
71707
56381
37936
49616
43861
45868
25911
98755
82263
11153
76986
52404
99107
66027
42908
17116
48046
29779
39690
88259
12660
86862
80509
29947
17452
9554
96796
41497
4949
53042
88159
21167
29456
53832
1646
5962
52744
37662
19399
422
10348
40794
34303
71625
21981
39651
96704
16579
47362
3156
98480
39392
49177
91068
13522
35815
47720
67214
44934
69106
22001
97004
18955
3562
84644
67244
4869
2462
87375
39492
70234
10304
1777
54295
31094
50620
40108
53851
80078
50070
50648
92646
31681
1983
34932
63446
31258
89427
97655
63706
53395
95123
31077
78880
15124
29850
23997
65371
80345
44829
98671
61200
81457
25540
24683
95262
23363
16992
276
15559
16555
9000
96084
65279
83617
37492
49673
85649
30778
58933
6909
30856
56137
16687
86355
36705
69950
74868
52349
84490
75662
76830
92491
80023
75635
79368
56413
7521
26954
35945
62106
9051
57978
61327
64153
50675
59988
11188
33245
59904
60246
15839
52253
96270
97034
39386
50561
71204
17548
40684
53833
5422
54312
90514
95463
29740
35073
47358
22957
21110
49199
22188
19265
79114
50016
43485
51341
71348
73662
46578
29234
6776
7409
91559
37373
38591
18652
71049
42546
64252
18754
69237
35557
14394
39915
98351
93671
80548
39426
96956
5373
3152
2966
60188
29005
45737
21056
89255
17362
29655
20900
10755
39694
73613
18000
78975
2335
94927
49601
43856
69770
70846
26853
97413
59124
44290
94492
61896
89808
4307
2232
87540
73298
48163
37379
89070
77378
48747
96703
19137
42093
46033
31720
8954
32757
64691
71414
73692
96456
76723
66911
21057
61710
59102
31577
8943
25724
68922
72605
11282
98597
30508
35655
95547
48976
64068
98106
92085
54661
60454
74144
1247
83073
70229
95983
44619
14154
285
20903
94899
58268
70493
89688
81074
71809
21872
35777
45094
45279
24855
60499
6784
93387
18436
36180
41061
34843
15877
8095
18021
15513
42699
18344
87189
81076
58295
93
55979
35281
15680
40105
78614
36862
83491
80498
69847
31303
23815
55650
79488
75521
71787
23810
93095
62084
91119
60130
90406
20694
46844
57750
74483
98402
55569
54587
3095
82600
40811
90359
83533
28686
52623
66781
32314
56820
86807
28976
63267
87940
99960
39167
68047
65256
62252
23919
91898
8598
99936
71094
92914
36167
75516
1091
87698
15301
96042
13660
17529
55714
7813
75903
97702
14693
92608
36554
63826
75456
39887
59509
65162
29277
24310
26301
28488
14711
68109
77468
90925
100
98188
13652
26397
68336
70265
94059
15959
66053
68171
24335
13615
12134
34009
29306
91977
55579
49892
83025
4308
98119
61534
4807
15361
41813
13590
74623
96831
40081
14466
31694
34837
27091
50983
38879
93147
22741
46887
55152
11349
37478
1447
44025
87084
20760
2460
57613
67051
91571
37170
7769
89139
69452
47737
3529
66011
3760
50092
12234
64392
38811
88639
17514
63525
72805
83012
7099
10175
86012
98394
68215
55232
81869
18931
49310
32198
7323
21377
5658
65983
28178
27452
84004
49250
90005
88818
96511
2573
13651
41547
21473
4375
28248
56536
87602
70482
15552
29944
93358
31743
60839
27751
91204
58381
60092
68035
33825
55471
16564
53851
62471
33049
23578
70359
99318
25783
43396
45982
97997
47530
21761
79976
82665
15424
32206
52193
44812
90351
38504
47831
35545
15181
4443
12800
74396
80143
64089
1066
66023
40796
42279
58944
32694
23630
38033
2742
95604
48004
28702
81906
47223
77958
42654
8631
17830
54775
89951
43919
41114
6544
72415
20468
36194
88191
92220
43323
33633
1563
56808
85725
54291
95202
19896
78404
80269
70481
72667
1134
33569
32671
39879
63297
85952
74870
74318
67788
92539
37423
65936
4405
66882
71690
96747
46788
23277
73895
97454
21099
82073
64708
55051
34544
53705
60467
3274
16505
84302
84694
1082
59347
36226
63002
83106
70335
34606
35469
14774
32282
50444
41246
81957
77575
27046
15440
55471
6074
48317
33722
47156
32100
18854
98654
97064
93206
98383
90916
36739
2004
34495
31282
74004
89657
91547
7338
6581
59840
76100
68128
83385
31669
91486
45430
13570
78329
7596
14167
33168
70508
92567
71820
63156
34522
59918
97214
54914
98757
59110
78825
80517
41322
73347
53912
65804
3859
66799
48227
51874
51672
52742
50274
57883
72819
80885
9453
78123
25503
45303
15314
62161
81068
43198
69873
75536
33409
23859
63191
97021
33166
57397
62357
62228
2894
43325
90621
44998
79541
65698
87673
35982
38044
58264
18056
48801
99846
1812
32533
37987
7725
38730
89045
4406
50638
81335
67101
74157
20174
27227
42750
60894
44904
92222
66654
49078
78292
99059
24212
37575
42709
29945
44576
87644
95934
8318
88100
22318
54594
75327
88227
75279
13304
44235
3733
33603
83303
19974
39844
65230
84244
51208
87942
77896
80325
3077
56375
13389
90864
55304
90930
45106
51973
50872
93740
12466
58900
36925
74573
29702
90813
18331
74091
50963
29491
47837
92261
24764
18955
37389
91737
98680
55015
86944
62179
8223
35897
62063
61651
18847
28310
18175
52746
75819
97209
9122
82608
30546
22801
58807
21972
48685
74409
7148
36481
86386
20241
89380
78650
93062
95982
44083
76178
84208
15931
48454
57514
93320
20249
6047
58888
49134
75611
3102
64400
26678
18023
38908
38626
93857
45513
53905
20655
49672
33626
60885
6649
9074
57000
77027
77255
58372
4675
96154
45730
43544
16164
49725
34734
18502
18809
45050
77800
40926
6481
50504
38649
80312
87617
91369
87028
57891
64209
19663
16082
41178
15430
12187
99399
22837
95276
39584
83104
40859
24127
42214
3004
38836
5366
363
29988
11261
35565
27044
46952
93877
4110
62785
69784
87540
30939
84142
93852
33052
6619
80085
37264
38215
57215
83297
39391
94976
71535
34558
40474
65901
2677
47548
58357
82506
29542
45267
98687
98833
21064
29920
30941
83061
93253
6349
73601
11919
24587
19214
19372
73967
34332
42440
84349
44500
13785
31276
48116
29430
27654
43105
15176
1952
19962
55584
25538
25116
84582
75704
74996
34151
77535
9874
75257
83011
36202
336
52937
45419
18403
88878
27577
50433
65609
63562
19054
8547
1545
84063
58524
7965
55686
73549
96031
71256
27106
6485
22261
24719
67404
51712
52246
48354
82950
27903
71729
26915
19985
86733
45060
18830
84119
95249
42551
3446
32117
80160
16118
24410
63363
41919
75849
22967
72066
838
32754
79031
66625
62240
41443
12455
80971
43054
97177
38982
59504
47179
70009
61049
9326
89098
45573
83291
71229
28956
26298
31922
9524
30479
62889
91837
67003
73488
47857
3433
26606
29040
53974
31875
88714
37924
80192
35848
71511
99750
85106
66488
61042
75833
22212
1672
41782
18058
95936
68311
57191
8563
3478
37464
20378
58201
58300
70126
7876
75349
30342
70935
26462
24367
5310
74623
47250
4869
53919
34837
68676
75756
65140
21018
21248
82510
8200
68918
70396
81777
33033
31044
52041
13753
91231
59566
25308
56771
25379
24115
30899
26194
82173
56069
9350
5831
286
65487
41228
69193
918
79155
27079
62084
68339
32114
37133
71789
30488
90437
99475
43204
18709
12872
17464
46546
74024
70742
53804
14194
35728
49392
20188
39084
84522
39222
82682
6428
91307
53304
19565
3985
24888
1958
85234
93202
93092
61252
13294
83323
84135
281
49649
67813
11224
3591
22024
35331
3719
65877
74272
61768
20505
4103
7858
6438
9761
43023
30191
39122
86168
94941
98633
56868
75096
63986
25883
79226
15195
90130
94294
1787
67339
38360
17930
65305
38693
31139
27213
48688
75471
5838
32587
59787
22290
3646
3498
77701
78070
59796
97048
2541
51929
38338
26803
11203
31788
46682
39253
7616
78922
93698
19450
86770
65110
47012
50704
21796
61616
24354
76954
4860
28851
75431
70176
87165
35342
89240
57207
46093
34781
65289
80841
58769
98915
98540
41600
73621
14758
94084
276
9032
43623
70551
2222
35491
73661
866
58904
29738
2797
52199
99684
58315
59400
62914
72246
80612
19457
10329
61550
51681
95305
3889
80918
63427
33833
48413
63172
80604
77052
28946
87116
39862
11302
96438
66598
28979
99764
15574
82583
69967
68241
19671
83071
43586
88099
50084
62814
99746
2208
11686
34243
77190
92560
89042
37235
57157
25728
49531
42002
33276
91008
6953
93521
45262
27962
82306
53365
43782
97039
9956
28480
44312
2736
70996
10366
34565
24918
11345
48141
21629
38430
52578
92586
90943
64933
60686
13108
54684
75643
3402
77535
31130
19431
41388
15192
8052
47703
20863
5392
32670
48290
61487
42535
11271
50877
2340
2102
26487
39350
37804
39672
12184
7152
65233
74038
19025
57435
41546
98286
62572
50063
55436
76575
70425
93573
49537
84692
90700
37874
76049
69962
52642
80993
80605
20800
68481
71020
81803
52122
47837
8663
54011
41714
45270
51305
8887
83131
64575
81639
83145
90515
31034
16175
35623
29765
41534
10830
87786
74712
1531
97918
55357
45528
12852
48960
14832
4351
76618
21970
58795
54495
15066
7725
10656
51343
27581
85693
65017
82639
36174
90685
10673
46489
81608
57263
55711
78790
72717
41142
90220
86362
50243
99152
45189
32942
2552
10675
86189
16376
75367
98818
68138
6521
48051
25611
735
8579
25904
98689
79098
94724
43489
62130
41220
80467
34299
91812
88374
36246
5545
67568
30507
38510
94953
76603
61776
27327
55316
57453
42071
44896
42714
79888
21643
35323
61067
56487
88158
5954
211
73128
74366
80943
125
26680
49927
28501
30712
5441
39378
10696
18647
978
19978
25798
96785
5299
14175
49025
27849
92996
39412
36842
99145
37297
78066
37019
1927
68212
76160
17536
17098
49991
48586
32227
11973
24900
27742
13171
72993
86555
50774
18993
1338
65391
61711
61367
64096
44973
33784
82469
80509
71562
93254
39657
65846
24024
49604
52042
95563
94277
744
69106
40120
76689
6337
19477
38174
93449
19788
6626
71356
89285
80742
71077
69910
90138
40796
35414
22488
71100
81342
19554
39700
44148
74962
66835
6183
75546
4996
38591
54009
5360
2299
60490
2371
34618
41607
5081
70283
73629
69815
26836
78475
87571
30823
7447
88528
87144
90742
45878
23518
88821
89621
96458
12913
94102
40251
63804
35646
22570
25526
65868
74488
2311
3997
65534
82990
49431
92384
15042
20529
40659
16321
99455
65172
87354
49787
76412
49132
53262
74048
92139
62839
53323
14434
65777
49177
46149
74151
81398
49665
93
39391
38150
71178
56063
66481
31393
87933
45979
41777
72037
57204
33246
58287
34646
79193
95309
17609
96712
86765
41374
8096
42729
86085
2034
88615
29421
88623
17683
33080
47798
68946
2150
94498
55008
76851
85324
51229
71815
16436
87867
25725
56374
85623
87540
88932
73293
50944
82177
40658
61806
23096
72909
39800
47812
6094
95167
18923
74096
73816
74292
54803
80753
17143
63705
7747
35055
29144
64834
92899
12581
97143
28970
54536
25993
8926
7847
84614
60760
78540
84393
10652
9411
61712
35471
30989
9328
56916
4549
84015
18511
48311
62142
61724
18394
38067
24715
3686
95975
75741
22357
82248
27149
28170
47676
6423
49905
83502
72556
27159
8268
59808
313
5642
36474
75130
38232
41603
46850
75517
72441
26297
44925
35217
11876
3127
55749
25097
54031
64240
10651
66085
47993
70607
95541
35889
93094
53101
31490
39787
60472
30396
49115
5506
73798
7584
10216
81946
3387
74557
2860
69323
69582
79436
7823
2985
33850
5223
47014
6495
2649
31332
54176
27413
59522
21406
65999
55888
32219
6446
49010
93912
61405
2009
15227
64885
57923
76419
91905
11923
48078
20321
45636
47940
77945
36908
47065
76612
86771
41905
99057
59256
53278
6118
10602
76368
80067
15959
58129
79819
9072
97214
33138
44858
10960
93233
75839
50717
80517
42613
42233
28521
2372
92081
44253
20587
83404
90813
76270
19718
4965
729
65275
15352
15602
68410
88812
16826
4498
57247
54351
93607
51960
58466
43481
27860
22149
80106
43675
72893
8063
88925
33763
75841
35952
64402
39307
43235
78654
64548
24739
98514
78914
419
12438
94626
83271
90821
28955
22361
80033
75130
78107
14246
45544
73757
85881
20619
8495
19974
97987
42555
95077
48732
85236
10046
33448
67880
38595
47826
61568
61028
40139
94636
14559
69011
4248
44540
85651
56746
17995
72206
40998
82380
47818
50669
18323
13683
28711
3874
73156
4970
5899
99258
95372
30072
48223
11813
33182
87286
90263
19291
23689
90306
26492
36345
29520
59052
25172
75753
5066
74957
48655
37280
55891
30264
66641
46848
58445
71785
88887
9374
3991
23449
58728
41374
62567
70708
66585
46778
29031
99361
97277
7490
36042
63680
26568
96829
40650
7091
20990
6445
68671
28851
67356
19697
99677
33187
53378
32612
30475
86913
36988
91394
18299
85689
10380
32363
61547
69844
73814
5120
52055
46797
94888
85066
92377
81668
88643
39803
24991
28332
28682
64108
56774
24191
34726
11525
50968
41937
9203
89403
85888
48609
39403
12691
80806
6604
77901
22853
83627
18172
43050
11164
82530
68222
49292
74809
96905
8594
97794
1399
90307
22875
75852
48906
53076
53269
7808
88801
32664
35046
11063
91050
60064
39885
66744
94260
53066
38263
78686
52368
74556
51729
27816
22801
90812
98968
88477
21042
45935
69964
4121
4887
47948
84419
16665
40043
27708
43097
49311
4648
44785
46181
22658
10422
28416
63015
75766
75754
68956
6590
13491
48624
817
56918
4485
88355
94137
27838
21551
32409
19422
5656
50108
56956
15405
53257
86372
8979
78547
50832
13271
74271
73463
53044
64809
80961
96179
35445
70138
5113
39696
32453
51520
20937
43230
32048
87220
58680
40365
6422
37430
1394
15467
29529
47742
13324
52026
6321
79776
12134
21676
10525
3035
38922
8478
24309
54334
44240
85710
66811
89431
93572
17659
7887
79546
56863
94264
33
13834
89393
24012
32641
26599
11585
63913
10259
49108
93195
44550
22335
62755
39496
74715
63588
91200
36204
4249
77133
69623
68744
71908
28091
7779
45167
57007
73057
83923
7286
53714
93967
87771
245
14761
35910
84117
38026
79116
27787
5106
91964
22022
69559
5825
26365
22005
18570
11865
69481
98430
7167
99175
18187
96906
63515
93455
20799
67712
62815
65825
9330
58912
42909
19930
88133
32730
36520
66516
20849
79241
12612
66699
64804
38767
68636
52652
37353
89005
31122
47548
50918
24895
14673
69666
29439
67475
94590
45426
93144
82756
55885
73015
85143
44119
81488
97692
33736
85265
57578
80888
95514
75539
15426
5108
22951
72275
59795
79801
64465
31256
64224
6651
5255
35282
35845
71452
85255
49939
88904
25406
85181
65870
79182
95657
89194
56458
45259
53781
76256
56163
27537
78805
14569
44510
92297
76416
66279
50791
12448
85757
95543
67145
50360
75466
52879
27497
35648
14537
82150
29567
31742
66888
1459
1649
9096
13259
18861
80910
86098
42200
83665
16164
673
62303
93314
71935
67358
56068
30475
50527
6439
9547
15040
76180
48415
31806
84451
72089
58694
81982
60386
98282
31651
24963
6493
11747
82621
5650
38949
54550
40649
34138
40128
22345
2750
16715
12393
12490
31172
32244
68597
37039
22987
25815
7856
88238
91832
96683
29286
90870
5146
62829
27197
63465
45179
10661
32383
47766
21810
49680
2198
59031
22581
35407
10672
24324
61931
51787
95235
70289
63775
71011
16425
43531
5393
53141
95500
72907
25831
47621
4605
692
82913
716
94973
28463
53802
11359
17215
14016
80650
10779
1957
84068
45881
23850
75878
70057
12045
86005
91474
27723
27988
22119
41260
42375
45789
7993
93558
54397
54129
22847
85579
45959
3103
38350
74309
63376
23541
61128
50654
17907
10923
5766
35316
3761
75737
12064
92870
91406
84872
75676
69819
98985
89286
80209
38018
71798
94483
855
97715
91962
43897
17934
41781
76163
64344
59431
54969
385
18655
51858
74243
30084
30359
9573
83944
38387
75865
24421
91731
3750
72896
67092
65954
44481
34873
4920
47150
4846
60759
65412
94856
51286
20099
56965
63614
46747
496
10091
37948
62741
83564
74194
34160
25031
42483
14988
38086
96317
99774
35884
81874
81605
11897
62642
39884
28167
39442
45454
17972
38913
50732
60723
51767
28804
3603
39801
69611
64997
66282
21550
20852
58561
22241
82907
88681
45872
62531
7375
3664
37892
45771
25130
79366
4894
23318
59048
21019
3053
13779
22152
24634
64037
16791
24695
10694
28632
53134
80222
18175
26547
2668
90277
5444
4504
37025
26658
39187
18835
56682
4994
3500
15643
39556
5811
58675
93799
87164
48620
15540
54122
96290
65369
63969
82572
91260
49606
80727
96199
54775
5703
71263
62331
23800
44899
22032
30606
93840
34907
10193
57316
58446
47002
45276
87414
78670
55770
9023
46962
78447
78160
32316
89519
82083
60406
22351
74923
17183
41620
85104
2596
78834
60650
9678
59791
83699
21563
43324
536
12242
85561
89416
97366
12817
36362
50918
73130
22764
55220
15147
88404
99571
85354
36501
3634
91192
15155
38888
16662
28739
4243
22579
69283
33316
40440
67601
63716
13568
42403
96876
78409
69292
46129
16860
75615
13944
90182
50828
84458
47618
77589
9981
97665
25323
43757
9125
53863
43559
70275
23151
58049
94190
87544
15526
78105
72175
47176
53324
45678
6148
67855
5380
11030
10017
81143
32048
20369
23398
97794
55892
14475
6612
1904
51737
83245
29340
36206
14222
62081
5843
93723
85609
56832
63170
95896
41291
68825
63705
39756
36386
58753
39876
52081
36232
5746
35221
12958
6760
34210
76289
71794
98113
49280
43367
45146
5603
57516
53994
67647
22902
95220
75808
72527
55289
4263
87204
43238
99336
9400
64646
89304
22807
42609
95362
25086
64476
43857
34253
1659
83081
93540
24587
19402
45238
76093
93598
68966
33501
85746
98233
59221
30495
19604
76915
70674
91908
71690
13751
17814
27040
99049
70776
98114
98609
61042
80866
57803
65156
2216
42284
27394
64247
1260
31817
8671
51321
9527
56381
53546
53870
71187
77773
47173
8623
19926
19407
33305
72654
34013
73601
78076
69526
64193
73237
38396
90353
93656
68330
72107
29732
44970
7958
40870
94453
92878
52127
56899
83149
81633
36393
13111
29624
81571
90665
95714
39656
22798
22552
91608
71546
15603
85188
7116
30864
87187
25920
89147
63165
58102
34620
50162
48384
58092
23919
69116
42408
12094
976
77420
80725
37552
53669
27652
6015
26133
71570
82016
560
86831
72563
79426
9676
76610
90629
155
30225
26035
33054
90930
37657
37410
49821
72340
34620
54049
27452
18328
22899
56176
86306
99533
93623
5623
30005
69123
43976
59583
63980
78803
92650
13645
5187
52460
87337
89020
90440
74075
4829
15958
82450
51606
89608
52334
87089
5413
79292
50077
86016
19405
20219
23512
86039
65050
20566
60522
37213
9257
88886
52947
68571
41776
59097
7165
7628
66346
1492
71350
75376
62850
17848
33007
49888
17147
72335
24336
26715
99193
97861
85781
69247
68688
87971
14602
51476
28808
21110
93566
74850
52681
98350
56775
9507
61929
79171
55730
65266
93807
43250
29444
26146
419
80390
19411
47276
95284
54513
34522
18241
4517
25305
30685
67486
44085
45072
37113
89725
4969
48795
90502
26151
88121
7284
33101
56743
55412
15627
62496
56634
66096
31623
4954
8355
89458
13034
38261
41947
60598
13395
53089
20421
46844
2397
12871
53375
85583
68261
27899
72021
99059
9225
69303
92496
13962
52011
26938
53708
52867
26261
47708
27783
67969
29174
62636
69908
24899
34026
57225
39856
61493
8888
66617
79116
4850
60566
6761
53512
81971
13511
97314
4737
53081
52196
74500
75266
65555
31672
59362
99094
57132
90244
15610
67741
28021
26660
54510
64476
36042
41737
8772
17903
59556
65861
10454
68570
46523
30822
38199
93981
38293
99353
6851
11813
58127
72400
96930
48799
98630
77694
76473
81192
18658
51454
93228
59585
58785
56724
37300
97534
34364
5547
36025
23932
70808
35422
80716
21554
50123
2226
3396
77953
85992
71936
87315
41509
65609
80657
17316
66286
9048
60578
83475
22952
64826
78470
35688
67189
43128
62123
50386
47517
43436
30868
58524
9500
72036
64422
84079
71961
86422
53471
68708
17047
55553
11872
72068
55653
33275
81835
44446
9584
59612
6631
72996
57560
43206
52256
3394
83135
55952
94892
65275
89438
23853
5544
41858
75602
25374
45825
69075
84372
16625
1295
620
45702
71699
57404
19883
8616
82425
72354
89765
17259
41319
66481
34751
65693
86012
43472
67373
24867
28410
33564
26405
15621
90965
65676
56383
91426
37144
57172
44235
32548
2510
38376
29391
21999
403
71256
3804
74195
77336
11674
22092
40193
76269
95430
59450
61531
74030
31930
75805
44835
83917
47678
16290
38773
96792
93762
70630
4049
14822
49091
26797
97616
48611
71692
39138
27864
81973
21913
91499
31402
81291
47959
58759
13785
53121
16392
76871
22197
70802
62850
97767
56197
65723
67767
75528
92180
22984
87215
52043
39394
76509
56497
63787
78682
40259
32129
79000
41252
14061
41283
57036
28977
32934
34077
4171
19348
24344
80219
19004
16912
5339
32684
24382
19660
18041
15210
16329
65060
66906
59191
16867
28729
93105
56066
14491
26920
30018
21033
31557
89463
59118
31385
14962
76108
52061
44944
39243
96696
34118
75908
84651
46865
25086
77148
83671
80477
11578
72156
90906
14922
44419
26142
23841
24538
97462
31932
58127
8444
3636
42474
446
90806
30701
14719
87699
13758
98436
56277
9212
45928
71550
1702
80041
15609
15661
86934
96453
52123
4372
78608
559
33321
14710
25800
31513
60170
77183
54944
93724
54170
94382
5158
93590
44676
71517
99067
15361
75724
41807
20910
64209
65928
43861
71622
59018
28431
7197
62111
27708
80938
28792
85931
63388
72263
56423
74714
64768
96972
1697
2868
48854
91304
42306
79235
72801
75397
46803
2318
9586
50426
3187
8416
96319
29245
54751
82888
24770
7766
10979
57721
46289
39214
17629
53873
69877
24006
33130
72566
83337
84388
14735
75900
15153
61800
54726
2628
97108
77309
42019
42687
86264
95948
72738
76880
62105
10026
51791
69711
29253
33809
81042
53609
12791
37612
19861
4005
31694
10571
42803
11457
37513
54711
30270
55003
76353
4223
75149
46029
19875
44433
61409
88943
93224
23109
49874
87840
19859
35763
99130
97855
85095
1189
2302
31795
10370
94950
90101
83979
18362
93946
74870
64672
44083
50919
41026
90166
44858
22577
55307
58241
59521
68676
81824
92389
96694
51914
27254
38933
35970
53724
15444
14749
58844
55541
21883
43483
87367
29219
84080
4552
3503
12342
47496
98645
18651
85403
48687
60400
39887
55010
51988
37478
9570
22618
3637
62498
33782
97663
78754
56052
69529
90378
6384
24013
25751
58727
6973
34566
22746
73252
44155
36480
15295
71749
39868
15366
24406
33652
39384
67438
77942
42069
43325
83007
55002
78136
11635
73357
19964
99624
74986
21439
80781
92800
78627
31890
56846
83005
27641
95350
90766
75151
92746
47478
14752
28937
2821
48789
62807
77080
15474
50228
68353
13072
53528
56400
42398
42305
63823
97416
57180
13960
86435
57532
81329
28483
97473
67152
65651
21277
19009
99600
97527
10791
79312
84591
9028
27879
48121
58984
31667
60682
21648
33125
55750
90261
62491
90429
78402
61849
71965
71927
66122
12741
32383
99565
89945
18069
9693
40205
90972
57096
82859
51449
14858
11888
4450
76494
43488
65987
65132
63937
5021
52654
9095
43941
311
74600
76665
71082
92665
14052
13808
23519
97114
32737
48276
91224
19450
57308
26284
92010
35547
83461
52234
74451
37018
89807
46580
64855
97992
93632
34384
70982
33226
66024
30475
49337
72233
2191
15622
54650
49239
78791
84221
92739
19903
46657
15221
99871
96231
59355
39650
82222
8069
99607
79122
88388
69339
42214
82106
92112
25456
8899
68538
76697
32141
20605
38351
96548
16688
98668
43542
72403
55152
68101
12600
51336
41103
16872
28054
89416
80021
17111
96914
36314
57550
72929
85143
97390
72386
71836
26407
16410
94636
89392
13759
31840
56058
77648
96200
99500
32993
35044
67325
37624
33785
386
51892
1266
31356
73468
56363
29110
1847
84018
25905
77205
23626
60680
2606
31223
19810
71698
82767
97436
77072
66443
498
80414
45254
34950
94762
36914
42509
83419
28688
89294
95430
50403
1190
17380
16635
71007
93129
29164
47521
64210
51858
1408
46509
33264
11273
30593
46320
20590
63080
45880
54608
3672
83623
74454
73636
94657
30024
9276
1579
59669
81121
89079
72650
9291
48994
4547
44672
89750
49154
57584
30376
31803
15851
25218
63947
4476
47262
20210
60287
65139
83780
27442
36480
19834
82898
81198
38312
5991
21144
40494
5070
43990
58950
5912
3769
54974
17339
49394
97280
48293
65932
52997
56703
94127
49358
73533
62167
14290
60480
76812
95523
42917
66263
10351
47923
28599
98343
86089
14663
795
71755
73003
67658
75841
31250
66453
79272
99904
61190
35542
14285
42416
8890
71534
31387
71540
1487
53173
83015
67636
76899
48469
76753
8520
79831
20242
61055
10033
5819
17098
86037
32930
71224
40280
95730
94043
66105
49746
21866
29046
32215
37106
45115
97242
62720
40401
7183
31853
91523
88975
52366
78567
91131
70736
75196
86209
87222
54912
31862
80780
96672
66775
8132
81566
8465
83736
53372
63848
63375
74803
92979
18979
67009
59338
42816
27368
72498
16561
55951
12414
59422
60719
46495
84878
63836
35969
45145
23635
85512
39133
77581
77710
81260
19251
97067
56438
38282
10544
18970
85643
28617
52508
3992
12651
72409
6596
91375
61246
54180
1170
67184
78572
10804
66360
81615
66223
2267
55723
67003
39427
96770
55692
78424
44025
83698
56738
50235
48747
47705
66915
54145
39690
99161
79506
33772
24307
86195
99329
37116
40832
1835
8184
86726
35194
78136
89870
88531
38348
92810
10900
53079
88211
39608
67441
3339
57778
53318
40168
76394
18626
21999
34070
61413
30727
98773
12759
1892
1949
65698
65576
38938
99953
29657
23303
13603
94700
23582
93494
97885
77866
83967
47807
10784
54089
50494
31921
23642
66621
16412
67433
91243
30144
94339
70476
70523
32135
6096
4336
31795
34448
86395
34299
38975
19830
59780
98851
22589
94375
25340
30964
55810
10573
55917
58192
5066
59657
33127
56048
5401
79422
61032
5769
22227
88265
15271
62314
66357
48206
69918
64034
18702
99821
37585
68638
84797
63316
48639
40880
26632
72078
40228
19723
53942
63001
38632
56139
5290
54421
10408
96209
85916
96824
62079
85388
27893
3231
49232
54803
25383
12447
7411
2351
23944
78298
40634
33718
90281
51692
88062
97618
99607
74885
82475
99520
55244
24689
51172
40819
53363
2419
88117
27353
63543
51504
39444
18198
28358
62568
96530
57164
79207
63743
61763
97532
68373
68185
82536
55302
62487
38437
30453
23789
55294
75184
11460
68246
32314
44762
5878
54222
47129
65574
35649
10315
89853
85482
74682
77771
48441
94023
42368
59257
19368
47858
46563
79438
74218
19345
73935
29363
36379
40001
23289
62629
1138
19700
70244
51314
72563
53688
17392
92031
12305
69906
94817
46380
71364
37130
24263
84271
39202
36128
25679
41981
45598
94908
45797
86535
20474
36771
85988
73441
73673
49094
63932
71070
86598
20564
63871
68407
57514
1103
41992
25834
24270
16540
93128
26303
61022
97940
27822
21702
81334
50648
91603
66652
73564
38529
88031
72429
79449
48949
80859
76083
85877
21333
34836
62620
20622
77428
8584
99178
12757
4355
7281
94835
80037
75559
65003
17513
57377
64523
11108
92820
28584
75345
59999
87067
82296
11012
39716
69154
85084
99146
2824
8206
39699
9813
22580
75171
3839
27160
86229
44430
46470
80407
70303
10782
78569
26551
42878
82253
7967
25780
283
18941
2221
2290
44904
44318
59460
12843
56328
49068
80535
83238
46654
97941
86647
40329
33648
25687
62573
39045
16727
88136
93203
35632
66022
14159
11023
31056
60021
97424
9709
27059
51049
83078
94712
80124
91905
33352
49845
43736
5472
63630
50364
77774
21202
81868
56756
18164
97820
22525
46634
21214
74117
5883
62574
24498
2459
92651
42986
82519
88643
54422
40543
5964
83457
81489
55262
23637
79039
84990
34399
6191
11326
93355
60930
81861
72023
23512
27456
91899
15469
28151
47180
92712
49585
21324
42284
98848
27952
52756
28654
75567
87837
48097
40905
52322
86263
323
15377
16480
73974
70627
65302
70550
22008
92905
23738
63759
82850
22685
56557
99714
90581
17866
60103
61125
76303
10943
24289
42432
96027
53679
11344
50908
21398
92888
61055
41691
8735
71744
34664
35649
67290
4156
46062
47151
47328
30987
97818
72240
87047
8446
57680
87181
62410
1499
20430
85979
3157
24119
50689
97908
18735
92480
41475
41315
87363
60765
54453
9369
71053
85965
17460
20060
31230
19404
67643
85407
23244
25396
13174
21837
39673
73856
54270
25791
86367
42988
14965
49581
44725
98680
17376
91681
1248
86091
99132
46055
13656
15540
8062
12416
96757
48172
49707
44534
19959
24664
91505
79978
91983
56522
37024
90025
1422
77990
61577
53917
29895
93890
33233
40672
45571
62823
11857
22283
46690
39189
30318
71820
18281
83458
82224
3254
96492
93251
6657
86930
11640
34627
70436
22100
78045
6800
75599
88296
81271
55157
98182
32971
70425
88290
80309
18486
24565
94152
61674
61045
11401
23392
24269
18455
51977
3787
54749
3837
75684
29044
13513
51637
93910
97650
48999
39776
79883
49706
2356
79759
58315
75025
54409
44237
4518
88110
9718
4086
97020
1566
98750
32677
95849
75025
20814
63882
87180
17586
43771
42363
38803
2821
46103
51617
89285
29352
20016
34067
55563
93627
89061
86977
98780
44540
61350
66311
95587
4300
52807
82913
78767
15213
99744
42717
84087
75277
24196
63019
24040
1884
96444
92434
39564
96280
82592
99644
91257
12618
60657
18706
27891
11753
45046
95394
28319
77117
14896
11452
81861
70302
68188
89340
17088
95515
95173
50306
89926
94198
14244
43998
77327
56492
43829
89222
42180
78355
60631
70666
56677
18396
89983
59582
12438
75895
44857
65238
56103
50774
33085
40657
71967
40458
87658
82316
52644
86729
3586
73367
31530
35345
13057
83781
60278
40007
5274
49981
59373
51960
71088
42541
10717
60193
6095
32030
66920
7145
62213
71714
19593
70027
4928
6826
68069
6098
47588
86644
44751
55006
65321
2626
12727
78851
18223
84870
2160
56560
71551
86009
7100
42189
57216
7915
20695
85725
46611
43380
32669
68835
43275
70025
95577
51329
34188
91115
60267
89404
18687
10905
7508
5563
5103
82629
18273
6894
6019
60324
95474
8108
92216
37215
30374
45748
32154
15399
20837
67669
10528
42501
75433
39849
69889
37743
31882
6588
62070
83735
32197
18475
70286
78174
27528
31527
92328
19845
13948
78552
84784
7300
42288
48414
72537
81779
49566
54547
20115
10821
18492
51693
36106
76373
72993
11999
27547
60249
81841
23199
17555
27123
36007
16642
49349
67975
92511
62019
79240
90470
44253
68803
18283
19720
50333
2571
40054
33817
59576
40525
14014
62506
36815
18056
25668
51880
67511
71529
14252
44458
57538
54735
77461
1667
31366
3815
10361
5624
36012
56374
22338
89772
69527
9749
33831
22166
73518
53622
40834
16148
98536
98277
58672
19321
38899
49546
24548
75457
79169
35499
37768
55494
67568
91791
57937
41099
8308
46653
29117
44565
21988
81250
30732
15738
82429
26801
98520
95729
71383
11076
3475
39305
22210
65281
99516
83574
35548
12985
14237
99846
21010
55946
86468
18129
26416
47267
79195
72207
90471
53479
98214
45155
83898
84811
30425
12501
63845
44378
82099
39550
96619
17593
65499
37404
95099
83556
24150
51269
96509
34486
59682
48697
89534
48104
37619
90224
79158
67089
96263
37042
58642
1675
4551
82917
52643
19222
4604
64417
3683
53878
2412
91616
68831
31896
18448
61201
89125
55282
85779
85451
6987
49927
38089
80991
23801
31690
8457
33638
50613
73594
19337
4857
67273
44396
12436
84064
18931
27495
37291
13442
24617
51144
75733
85243
56230
19045
31716
44363
48086
39855
1254
87723
45850
67408
3620
33307
7576
32724
75515
89847
56994
68965
51092
48296
34145
78702
70210
23190
4606
78657
12856
96347
39916
34323
612
64819
80054
84229
78732
92336
43329
79486
67460
53802
27357
90452
51848
18259
23629
65706
22268
89512
9297
20371
97246
11203
22988
16917
60837
68365
17463
34568
84312
56178
63265
7709
10125
37229
61505
95676
74588
97250
60602
29765
34080
96426
62697
376
52810
19017
65550
7153
69505
97563
32021
21515
90298
57037
46432
46437
59663
51913
31379
30465
35839
38953
18075
44073
77763
82540
53051
36621
34248
22598
14613
38887
41870
13937
52338
66688
32860
5410
36302
2315
68605
57655
2563
3182
90299
8908
14736
43714
65078
39532
66277
87152
43009
97316
51630
18395
71610
49428
32378
93564
5732
66783
41926
48200
6627
62690
49131
67599
94323
11521
38881
10429
61189
92253
58766
36547
33398
86562
4848
80464
7406
25116
95298
87864
27250
12137
63182
3863
82279
95402
31631
75471
27652
25363
37922
53996
97586
26082
83049
38569
14755
71340
19131
1388
50731
16563
27148
18188
19040
84051
73364
63923
47050
7548
66270
5022
62726
41178
20527
51841
64541
44464
60145
85607
8892
70532
8572
28983
12464
69171
25856
96371
34943
30373
17008
90938
7846
91739
17390
66093
81419
80837
40752
52975
47102
25904
83084
53285
4497
83837
57830
52349
67184
36748
64338
7978
67231
27415
13447
86765
63280
55323
66467
42128
93821
15313
53653
27309
20231
91932
23051
30091
50540
38842
70424
26568
6271
43933
88801
63570
40167
52820
61925
31343
62101
48418
11911
11804
41059
31120
23545
36818
93414
17630
26247
56229
17520
14260
10557
32711
61829
77911
86645
11370
11991
4024
17185
26114
48032
76582
4881
83368
11867
18499
5282
22843
47136
54484
66052
21536
88954
69906
55877
86251
5447
8702
68639
23158
38987
29458
11835
61678
51921
33586
56481
16557
7264
75649
5118
84769
33621
47567
72144
77900
92547
38192
85680
32581
42499
25416
83932
39515
69914
19811
37344
62874
83750
19713
97792
79014
22692
77070
13061
1700
88161
92752
22338
17112
49146
78201
42146
81641
71507
23581
689
77697
3665
43645
45251
58257
48373
1249
1444
97681
3893
87397
63612
36004
66232
79690
2462
25434
36237
73933
62383
52335
18600
28725
59246
30704
28603
4774
62148
46398
94094
46834
85064
8780
67066
80751
12591
66723
79719
17732
29647
80164
416
72893
69039
25869
23408
7710
88909
47957
43419
71347
33611
32145
18459
36102
37526
71417
18486
92010
38325
57989
88
75061
64875
69264
65554
38282
58824
96959
58511
75380
70162
60475
51151
59694
42540
41561
72162
94399
91776
17147
9602
43140
97006
66000
91437
71622
86225
70998
3326
53962
40490
93760
65991
72679
97804
23154
39534
81682
7555
67145
5185
75029
73089
73080
54070
77086
5447
60429
94947
1747
57612
94161
14070
20772
49453
80079
59411
89049
73745
58252
89609
45610
98200
54452
35823
58477
45375
55030
6816
57642
60659
11301
49135
34667
83056
99583
5353
83663
17076
52363
79206
95998
90020
37307
7403
82710
43963
62769
58432
18691
61995
1918
7529
50702
87665
57829
83747
86220
5722
92863
67548
87383
12555
48951
7631
1691
60498
9429
86396
62342
58631
59992
94944
62370
16510
27516
8533
39903
15051
33276
23112
53513
23026
50065
9587
84793
44651
8184
69399
50952
91791
93617
70680
63421
11137
69892
2005
81031
40123
27774
36802
15943
95764
58361
39684
1925
2507
13049
63176
44707
52499
41523
30144
49070
98363
14728
95259
22608
84793
65295
33408
26339
40210
11441
94471
20576
39880
53870
20244
60598
82849
27069
57073
10838
5008
88752
27238
81322
50594
56758
60184
59430
38279
75769
10075
80982
55418
18472
34389
55063
95183
9392
3857
45955
80057
61347
21245
57636
50389
1594
6176
48809
63030
11222
60795
35638
56845
2818
5499
60949
65141
66101
74680
99275
31865
54356
85518
96102
82819
73620
94645
88850
6337
20029
55519
30059
68758
1962
79021
51500
79642
35244
93166
13222
18351
58063
91126
7948
84673
82740
52631
10539
36761
96797
52766
4087
82239
5031
30444
90401
52009
17745
71471
42981
97060
1916
67453
74559
69661
9995
93741
71037
68621
46793
44273
29360
65823
19785
39604
63452
22975
37096
20524
35855
90273
70032
23004
80718
10283
28406
52137
47851
68704
85603
89399
86003
81578
41007
31487
20068
96739
26601
41071
85307
49281
44755
24350
30635
47739
81706
7242
60362
572
5476
22064
11109
19778
63314
82183
59732
48691
20069
79770
4136
88734
53677
20320
55713
98761
40252
10010
46653
84604
44520
6920
4202
65609
16048
78600
52124
61975
64534
6316
82553
54026
42571
65655
20562
3600
98536
93396
39085
50378
38456
91986
55005
23733
37523
24064
34003
77940
36549
93697
17870
25660
50766
49420
26029
46684
90050
6596
42725
87654
81168
35246
88879
41406
72640
17204
56793
40927
54614
21909
25788
88996
49619
51110
56749
78522
43482
54985
87853
28831
81008
41257
48603
97974
91836
55151
41418
62859
97647
62884
85645
44221
73501
59588
64942
30925
59945
9371
11806
66434
42751
68895
29958
64438
52346
9065
5916
29280
7782
27345
85586
71582
49471
71941
24073
13119
12729
93061
5795
37739
16121
16575
23733
64112
36448
37186
70107
55338
82248
43681
41157
21197
38983
59302
7791
13010
12881
19920
23727
47868
91898
91978
8199
41862
32696
3593
75355
52843
85767
95330
84540
53969
25382
39398
91267
82482
71038
94716
85081
90281
36643
60025
69971
85238
32179
76638
40571
6254
79996
42381
58089
1538
45178
8233
19600
54313
91390
78058
87829
7469
78634
25242
5083
2223
70168
3695
83290
38648
24731
17573
5678
98366
32093
95255
6571
99055
60135
70138
95309
39964
24127
63383
21134
84325
25611
61794
35697
20925
56309
66715
51676
23258
61287
15393
57762
74971
78869
56046
33278
61878
95385
40211
88092
15453
47002
76464
81649
44908
44774
39664
54123
44562
76990
64447
91522
18170
71505
39401
64974
64245
11456
94193
45298
98661
70305
45738
76599
48712
73856
70006
77427
38079
71519
68056
5768
84442
24445
56184
9513
88163
50037
29459
10775
67427
27965
38075
92522
7733
13071
4178
746
83621
20453
60447
75262
58723
14013
26571
15995
31114
56668
72603
92670
57064
52559
14346
43318
14890
65132
78497
11352
25542
20631
81398
34069
94820
51777
17983
45545
46697
53162
9617
50314
50881
5191
64665
97
92840
29375
52150
56405
31222
64591
51826
6850
91653
7277
19483
98249
73792
41674
39906
91393
7913
94417
95214
14763
29415
78476
73822
1347
75883
87909
63226
13906
8093
80234
76596
61569
54312
68970
93857
91464
58078
71260
3278
98980
26537
75742
36256
88934
85840
43291
13804
91432
59298
12006
51984
97563
54594
27427
54348
97629
62030
94629
81664
71590
45710
26930
9700
50753
57846
19618
96702
60439
58776
91366
57827
37062
17097
62278
79341
72273
64846
76419
533
18386
64739
50939
26350
45707
58119
67242
9534
92409
61096
28813
8121
67145
31846
72323
59963
45093
4263
67436
17250
27559
55991
29395
32070
38702
47033
21000
7958
61934
69102
93862
12113
30082
90880
22483
60125
57917
57036
23366
12071
92990
51275
19202
23063
16257
54651
22241
77359
63921
37742
81964
63009
6652
70223
65158
92490
38464
83244
97769
23759
94657
8036
98088
46066
61372
24463
58419
75569
16053
49252
9721
45243
75149
50539
24776
70064
78960
68640
68368
70260
66026
28384
24709
38639
67257
10708
1603
27972
78014
98711
17548
67276
97133
70917
7661
10286
43076
92578
15166
37470
5273
15395
9896
15343
81580
5789
36994
20278
56411
68585
98548
46269
10963
72849
29596
97408
86052
67386
80238
66823
64654
88845
91702
78657
13528
23203
59449
73465
26655
2733
13177
49240
28395
65598
82392
3415
77853
97333
62196
53886
70149
32778
13777
96702
13361
85716
58772
97576
61503
86005
11659
53096
43827
57732
39882
93441
19108
8596
95984
13734
3600
81029
28264
81458
92784
85607
64459
57893
54919
84167
195
65724
12852
97624
99371
53964
30150
74335
44786
78490
24783
99002
71806
83770
67057
81485
46316
84386
63701
36971
86710
76521
94075
11902
85486
56450
27916
27828
7
6447
38187
28102
82899
51396
99818
81477
53766
27162
37016
24515
91769
45388
32152
68444
80619
88881
75757
90559
48930
36438
64785
92476
99791
14263
83109
59628
39567
10586
89923
85336
686
45193
75855
62471
96551
17578
91948
58055
67718
41436
57898
67831
81230
55664
66173
19342
62774
72514
15050
96460
13806
36946
30394
60220
60639
53572
7793
76930
72336
63568
62232
43527
12806
61574
33814
86845
94819
92930
68509
62737
64911
6471
81825
23277
85908
79260
73124
68679
74467
47680
28876
53769
22356
48075
49910
44189
73578
26018
59331
9813
58453
81782
28720
82037
17425
3802
6276
6334
46444
43071
56931
46551
60261
56015
98208
26201
53648
27810
72751
63032
63222
13823
52407
82921
80313
94451
63718
32693
34005
24487
87039
73145
53825
50529
92015
21590
72757
98426
96510
49723
22790
37111
59552
83181
57613
31046
74187
13361
52165
10743
71523
75446
40915
93620
51152
13826
21184
83967
68049
22327
69090
94215
64362
73409
64889
22086
15257
19230
51381
47161
62343
12075
54548
52829
39289
19880
19849
37730
28422
56871
14648
72719
82819
45494
59006
18067
42906
19173
66126
58275
15034
91350
68982
80212
9671
67618
73280
72631
7122
26722
7188
26572
68259
61696
44699
80580
18610
32346
12990
79831
32470
78191
29901
76254
16021
80458
96987
46959
13562
56009
27335
61971
96996
47945
11957
74789
1786
87631
75963
2313
15837
97333
35256
94054
51318
36975
32382
53281
86479
59993
66096
64024
26846
90879
51559
83928
72539
30536
2095
25084
84946
46048
84206
23234
44212
42337
47364
90635
32040
98749
49933
9583
64575
70251
77796
16795
8133
58539
65858
54985
20499
57751
61764
34393
11842
54185
51850
32945
27098
8803
74940
59342
25576
95071
86663
71398
90542
72051
92645
99420
52948
74656
44955
61503
63132
90808
8571
57984
15795
82217
57194
22830
47844
79210
73244
26991
54918
44737
90651
43869
52438
3439
24647
7674
97087
89433
49495
98674
32405
85620
98845
46892
79778
8523
84520
1836
95576
4560
94211
456
4676
79901
64283
45829
23268
12774
81214
69933
38255
84349
16510
7247
90898
67424
86260
96468
92636
42339
4674
40569
26703
93878
17617
64302
3190
69396
33209
6057
14998
38119
84927
60296
48829
15930
3640
22434
13207
94429
88108
70856
8416
53199
33910
33341
5908
65899
22120
78703
27329
21009
95627
35057
12894
96079
53059
76470
42197
14860
48369
25100
67067
72082
82131
90707
42849
65846
6886
98584
76835
26372
63052
66259
13341
11979
29544
83513
80350
68291
56581
71519
73460
58198
96790
69612
74023
17362
78585
4281
71714
49002
20213
92359
18795
66115
70051
24893
94452
63362
77193
46301
56970
72240
66112
43746
8747
5639
21431
30137
43893
16347
7280
52760
94937
38952
75113
35935
7438
89971
93333
45578
23137
18400
61641
68496
16106
76144
55059
74619
23642
26197
52931
93828
84305
7252
19502
89674
88333
77972
81511
79919
30844
18697
33390
84111
77458
77368
9541
90782
14326
64071
90781
21565
46935
37059
50000
16793
13916
56396
87239
67776
71928
88097
54939
57952
20412
12260
61880
9694
28679
18761
11902
11280
83321
86720
51489
46040
57893
17661
1521
42717
68132
80544
83252
30535
9894
49382
91534
16311
18660
71787
56963
76225
56497
31738
61107
13415
3375
71764
43940
45779
78077
87160
65694
58800
3182
84372
79119
13798
65749
21449
79950
26736
1788
36916
89565
52636
74516
7614
48456
56542
19687
44226
71819
33585
67145
91350
77167
15435
95725
17720
27220
76828
25460
342
17643
42531
29152
64602
98778
79821
14791
15824
9731
88459
71938
2678
45886
61966
96709
83551
74242
51618
82153
9251
43139
23172
88037
90791
69397
73794
412
91780
7854
70477
95023
82039
81290
95325
17427
56196
35144
17186
72157
29544
47602
23490
43866
56666
77818
22419
18203
80252
78847
52375
96078
41188
20175
8719
65992
67713
11750
16510
82846
36973
58005
65659
8370
61870
26910
71506
76394
37224
81659
71224
28573
67971
52511
8104
18823
93972
81236
23551
31996
96266
85795
63504
88793
52152
48339
67941
1718
14938
93032
50356
24503
27941
28717
40953
68578
32688
25772
31541
57675
6073
25881
45027
62410
47221
39503
86995
83950
53016
46130
2085
89676
35133
17300
91267
57071
96051
93331
85243
87571
78980
89439
98392
33549
92258
83033
13692
46370
24112
98999
44540
33976
40971
58789
94872
21193
48820
22725
34101
35411
12154
21879
68857
49069
38472
22195
59811
97237
79145
23923
47268
53796
37427
62542
34334
54306
4887
27007
57559
55510
19620
23556
50394
15030
58994
13666
83050
47901
33554
89382
88740
58714
24687
78375
37744
82021
29760
66503
45475
73196
73710
24151
30293
24812
19005
91834
41114
15515
28440
70978
1886
12066
89821
77431
72450
52233
78018
7190
31822
6474
92195
40790
13874
65895
88810
6693
78269
53303
30745
13969
63353
78683
91094
66051
59649
67631
37076
63526
863
46620
86330
35910
47558
84779
83762
25587
38889
48660
76272
26436
59927
3060
22716
98968
11444
22589
88671
64663
84661
94247
23142
73016
49815
75780
23286
79100
75452
70450
96652
12151
92739
14601
1839
10127
17443
62004
21941
43228
89220
21308
74959
18096
7641
41056
78961
33168
30910
82913
55906
12928
3179
63866
48380
29885
52018
7533
58337
78308
52123
93239
49434
176
56760
59654
55629
98273
37895
75169
63707
30775
22181
21541
2130
72669
11689
86353
91094
31811
96484
12343
16743
81444
43187
55635
3567
50087
29726
35895
84426
23616
11633
32165
73298
68662
63604
24374
70791
73504
38440
57047
9079
35336
28769
24115
75855
96401
48571
17323
14110
47189
47706
20291
75938
39047
79202
24470
24562
33336
29519
57545
487
88885
5010
41533
97928
25933
83113
92478
52817
69071
33466
72888
7646
60114
66668
37930
37817
76303
49761
34067
9758
49097
96820
97032
41000
62637
18443
57479
50810
18548
71321
75846
62636
9349
20275
389
5839
72695
60652
90210
40767
24085
38448
35435
52836
47610
38041
41965
73509
16571
45074
5227
91114
4068
1381
93035
75691
9434
12195
35979
8091
60576
56368
50673
24587
24213
9575
71231
46844
32475
92178
31877
78757
86899
49950
27377
34205
36291
39550
19041
80965
84441
83551
4889
2453
12585
84483
51696
66785
21554
14429
70213
23976
71455
7623
55343
77401
97706
59107
54322
42371
34843
39853
40653
14999
54446
12985
73104
56860
56466
32078
67594
11631
29325
98878
3393
76244
4605
88449
37307
50909
33657
16941
27225
77558
69878
29748
11396
83211
678
45530
81279
6999
5851
44498
51868
55754
85546
99316
52490
35253
99626
86460
31404
6933
93147
30306
66469
41786
27651
10738
14544
20051
12915
84584
82380
32824
75049
97738
61300
28404
21615
51521
73452
39725
7488
15060
55095
30481
17451
75011
47622
55998
92400
63390
1675
92525
75719
44704
41003
63804
24032
85899
72242
41880
52997
12289
78497
6308
77947
5372
90082
50664
21831
16875
4988
32440
71758
31273
18722
59071
23669
46235
78725
96809
29511
83782
6250
84586
62389
77643
81814
63502
55351
71745
35174
34814
98481
85965
94172
65548
89681
87615
99347
52763
1844
32396
32563
84621
81896
3204
87904
66762
40428
74160
25869
81771
27700
2506
73070
2848
2953
24664
66955
20516
94125
26854
32688
47227
41532
99775
34177
196
16302
53768
93739
41153
46521
71225
60630
82400
29971
31416
65014
17478
36308
88244
39873
9079
69466
7164
93339
30276
52839
69818
35789
22737
80933
77839
75476
91394
49002
87979
30933
69217
96246
12809
9102
367
32345
77413
73320
2085
7154
89435
45225
25669
97682
50398
86149
98754
20606
83761
95413
95816
85683
15333
97344
15274
3396
12528
38261
8614
43552
67878
17115
73559
60463
89367
32959
26807
44282
42885
21997
76175
4970
88575
36474
21180
59208
52095
81534
29184
21220
42013
18399
18274
64401
79374
65224
31874
430
93725
48728
12990
84384
15555
43927
3034
26234
2950
15748
47407
89343
90700
24745
69363
45438
99674
32688
61792
33787
44141
78511
60932
46735
58484
10942
93381
18246
62216
60906
38062
57510
98889
67906
13531
32815
47063
34030
10557
60862
1322
10847
46730
70699
64942
92577
98788
40435
24478
40557
45956
36624
32091
91484
65731
29827
44778
15254
91045
96596
49704
92648
25922
96400
49578
60436
96690
52050
68885
16611
9653
46332
91734
85237
31772
74852
26912
47448
15223
98188
72992
74039
5916
92393
91742
6922
8145
34117
850
7147
26614
43200
81345
21033
87890
19409
48563
70773
56408
59083
35729
80762
32021
13851
59008
62729
85081
82861
54165
85234
12160
40750
90484
2416
86556
20172
79209
99067
17953
70521
93378
57793
95148
98095
59463
81870
42193
17293
55767
23847
66335
25279
24768
7223
10258
63005
14171
1345
41110
33002
18817
81460
59346
3196
41390
67964
20984
66875
44721
31413
13320
69154
35597
16891
28764
52675
35567
81277
17171
44263
41067
82607
34173
65555
17206
89503
512
50790
50074
86911
85477
54655
13978
21857
86242
23675
40994
55297
57253
20347
12073
96444
217
6469
8550
99326
33336
50689
74252
29881
25614
78660
23076
77201
96293
39753
63589
13237
85010
81627
56499
62696
22748
69967
26737
14045
86148
53550
29540
81249
81813
36369
39781
41138
53450
73477
18402
27822
66518
24142
94323
14598
61492
46951
3028
94801
63659
77223
41987
26813
27102
50879
60472
7968
72782
1344
77532
36620
2956
38266
59527
36449
30590
28960
730
14397
57581
17447
11510
13679
58633
26060
18263
13321
86714
17045
51952
88243
22500
99119
96132
21179
91701
71127
78910
17995
80879
12117
38766
20307
42349
52899
41793
63781
74771
90955
92571
49280
82294
86318
56372
91620
60421
30881
84460
10692
58515
75057
74700
12602
37218
92839
35611
80788
34606
88423
7161
32972
92979
87634
19804
84757
78203
57484
55716
4881
48936
28824
1213
34464
64826
1311
3473
9074
68254
80751
84135
40446
28628
65728
10908
47883
8059
20658
48732
63851
22619
79410
25533
21224
77358
82235
12985
89174
19916
57977
85510
50824
84721
76809
60467
22399
26829
81309
28353
22397
39721
3228
26427
79768
35921
87365
31060
98698
47362
47795
59196
51845
24432
87484
56190
91203
58548
41236
58841
71291
40338
21583
51449
60848
37763
25316
13841
22915
32899
93549
99736
94697
72216
36522
30077
37528
48797
66789
67592
49242
45163
17264
99214
95620
14083
90762
87088
76001
87066
1377
70449
20295
95457
10290
1778
1611
20176
63212
76268
19056
50831
90674
65481
67898
20961
62623
25024
92641
55789
35971
92043
40545
84202
98860
39014
14414
63398
27328
48167
46661
81107
88294
9684
50686
77647
72549
85093
38142
24430
97892
10551
52008
84358
25041
49130
52755
63671
15261
31544
9943
73205
23268
92659
23137
13459
99402
1977
73222
28782
66753
52694
98004
75123
23272
42743
44676
20398
69517
46918
94380
7472
94930
38343
93681
9499
31149
46030
13241
88302
42922
98362
8094
11656
66476
50866
17535
52858
28880
52507
82257
59694
22546
92755
30546
24014
25129
92845
97406
91346
73901
6761
83642
60586
22521
431
57550
83396
52619
44520
46864
27450
97641
36538
70395
16251
18462
49022
93535
23796
98913
51295
56530
72539
10870
98000
52099
26776
92462
92330
45167
2193
54314
79490
74093
75984
68349
84260
26084
5810
86351
83182
44892
13935
48029
10442
56689
12834
43806
26089
12036
94484
38753
85209
30221
24233
19378
50435
95595
60486
77243
64643
31035
86780
17767
40709
56839
82774
14082
66168
20213
4060
24060
49490
1344
35874
97964
75456
41829
26000
42609
35656
2036
16526
63732
29981
65766
69419
18537
27870
5645
80906
89716
69228
67975
19978
50249
69157
52812
10481
92972
39106
18087
36020
74518
79945
47170
45637
15033
90992
24409
90586
45179
48111
145
61846
10302
5760
66785
53846
17664
3414
23086
51674
96542
32919
94069
15405
86515
4184
67554
42067
76159
87763
97629
34799
50466
17959
69668
82766
13704
41869
76531
98451
4959
55154
23392
81664
56227
63574
54915
3966
32634
40927
40146
70921
97403
3994
86860
31258
41482
41872
35723
8978
91134
65537
62972
4192
54468
40512
22507
36304
64604
42571
45591
40625
58561
53061
20900
16768
74663
31953
63056
3638
43580
79213
35357
79307
13104
29193
37101
91461
87185
64483
33644
41089
50671
69856
45639
88508
45791
95400
4634
21087
60411
76895
17223
82853
18630
62876
80867
31723
89742
29064
61706
52595
2634
63124
80979
49140
19426
22583
3646
45729
95117
61379
28745
62452
34037
35683
69474
93175
37048
17939
80727
91567
55016
87772
12041
54758
68402
27466
43455
63891
49692
82156
69015
93768
44231
28808
95575
16536
23283
68088
87489
77667
53058
63141
95141
21823
74900
25502
94097
65253
41042
96629
1348
87829
44839
57206
92576
72390
3560
10917
70877
30990
1461
16307
57434
36843
14647
86813
67214
51276
88425
33985
23421
88254
83763
18109
20838
87223
68817
73958
71161
20953
14674
16386
17478
53731
23420
48962
89552
88858
12269
27616
8929
88047
15581
81297
82455
5390
36799
75686
60188
49570
16006
57541
41779
90888
52612
65759
95534
26222
7534
27086
9949
36839
16571
99789
92865
67119
76267
74068
85534
82134
64132
6382
20174
75594
47128
45880
53235
43749
76035
29785
4932
80880
27536
85017
78633
83699
11706
36159
37218
46490
61808
19850
92257
18853
14610
13324
45336
44044
16280
4606
70733
34445
92050
82404
92234
48084
28682
86815
25296
31141
61318
68520
71468
75881
2697
85583
43490
15187
217
62609
54086
60430
76571
64623
29321
2309
56218
31377
34992
73294
79559
77622
54305
16148
99355
60694
34071
80959
83031
5015
8085
39170
3628
32521
78870
99297
50359
87902
62466
94429
95652
85768
27005
73598
81907
12561
49786
80668
4920
38193
14061
88457
88828
94480
15102
95774
72417
3577
16570
72417
20707
22006
3395
29264
55290
6638
35431
67660
36348
72376
1006
63781
6912
23802
90829
13566
30844
24034
80663
47037
56015
2048
76467
55826
99259
79519
91561
19968
5963
42527
13686
5581
2547
56336
11488
46338
99220
42700
33091
82751
62654
86065
62057
28735
83664
48473
74616
51746
38491
79257
10277
99037
20388
69139
32582
32539
42729
99575
60101
54190
15611
97693
40721
76438
56265
9208
39151
64973
13693
83575
21613
26316
15968
96925
58135
84862
216
43611
4227
12831
29746
34439
58662
72752
85563
66172
85577
40570
38120
59149
54551
56828
14069
1638
76813
27475
25354
50210
596
50052
14202
86979
71627
21417
87781
72593
99100
71094
8542
38706
31121
46376
39302
61538
99136
56393
28535
86191
82018
10946
34653
91028
21249
85149
89022
34544
82671
34485
88347
26722
9619
39100
89070
19780
66463
5993
29235
60129
33693
16317
80259
88403
23528
67760
69276
39197
20022
82109
5852
84994
96755
60166
68428
55265
49769
83717
97498
45390
69819
28017
75806
8014
64593
51657
64990
80974
15566
3872
93869
63263
39485
65125
66830
45362
16522
93997
84662
59981
84717
1280
30063
93480
44896
20509
55769
33607
92146
82634
92748
68243
65077
55420
41336
85719
70001
22239
60653
82580
14939
26242
33367
482
52128
13251
34240
29955
93660
34451
29945
35973
52040
66885
88820
7893
58895
86168
96009
81338
86657
85790
85848
38997
12096
26568
64910
9011
72824
62225
57728
8268
78220
37860
61076
58715
41131
69322
81312
75098
41986
58164
1770
71610
94923
33953
66702
95996
76354
13292
47550
76463
21048
16118
23459
61926
13409
96427
42914
10741
15336
25204
41690
60712
98435
86424
23242
66240
59521
13711
67088
18859
36703
99749
44651
4063
75610
34376
93346
79251
76606
1262
46077
75353
4093
30725
98417
72924
47900
87896
43226
99090
37351
19483
10944
39518
96741
78452
83292
57413
72742
98182
36308
37610
70296
9179
31682
25320
41209
55341
96179
32812
44359
62449
8619
82093
70932
64096
62021
68905
75957
45827
47000
25725
45817
24059
6742
7872
1846
20203
68558
23901
77790
75330
72209
61547
44018
21897
72049
20874
21037
37413
26630
61532
33057
40521
52714
56990
84159
73883
16324
54018
69103
16865
90082
52170
64672
69992
5727
4227
57
39697
26276
92348
52526
36120
65643
14401
65454
91074
36254
42936
29849
78115
41886
10135
55311
48042
99552
91616
1412
80169
11889
15547
31088
78692
91130
76334
4898
88757
8127
77307
99668
86362
25666
37590
95225
46396
56805
17282
63187
72893
6252
47431
7458
7997
11072
98449
54807
54504
37487
2888
85862
56383
89073
67560
23322
7682
26534
71709
78338
44247
33851
66140
15017
64602
89420
71360
92419
4065
64355
67648
58468
73963
61534
34698
93163
68420
93327
92702
5275
11895
58845
95561
37930
66513
10311
40605
16369
99726
44873
6857
35492
49986
95991
5306
64893
95942
32902
19374
62513
46204
52554
49712
66564
86369
73786
52085
9528
63727
5712
16338
27424
75980
38860
27416
49778
35730
66744
73741
78491
78524
28166
59336
94253
49865
20598
4137
8852
45904
71124
37427
11334
13313
67550
85383
73368
81076
2883
67549
91661
80528
30310
64193
96457
19834
51426
40968
13732
23
94088
85326
75771
22464
25379
91662
76256
20578
40093
71261
79633
79470
62362
34115
43334
94307
64514
32983
43556
76374
36060
72437
62318
99612
13046
9023
18492
57556
65345
50702
57251
7476
64729
11539
56468
29902
47171
90894
68769
19326
51183
13097
37145
68691
72380
83507
88501
43127
2043
46645
18475
81053
10187
20690
3456
7687
65219
23967
46619
9296
6319
43997
95348
96668
18002
25551
14251
3034
36682
2972
59605
53236
77232
24867
85840
23219
91646
7958
66680
14449
43756
45109
96531
59772
11795
97223
69830
18084
25938
15607
35051
96578
68623
4873
44154
12260
70453
22551
88483
4761
66971
28781
15806
61334
49862
75677
62714
25826
3973
38304
34898
34532
27162
26730
19646
7751
27512
59209
19173
91304
25383
23897
14671
91516
8868
87910
17337
95808
95110
70944
5026
46718
45308
84148
66178
69176
91218
67885
88699
9077
46515
24070
70215
91173
8904
97674
91281
49555
70366
19114
17119
64518
27205
81755
4781
65523
71220
92970
18261
81059
49930
11164
57866
21373
47888
54278
96773
52272
31835
39589
76214
84158
15533
6587
37468
9736
8091
55112
20655
61650
40137
641
56826
64563
20816
74223
33671
24604
96578
77510
49587
82722
56997
53376
49504
14346
75867
26582
31977
75920
32931
92346
47280
78163
32695
23892
43475
97344
9654
72919
43806
19066
45116
91135
71578
13539
76462
59178
75266
44138
63218
86064
47542
2289
12666
26560
64616
58905
9121
89016
95860
43852
24174
29312
91437
90823
26326
29476
39667
91394
49438
58733
90976
18654
72381
95834
96673
17897
17472
36672
29186
57553
9512
97179
88354
82051
19534
53520
44614
5278
63078
84801
26409
70457
45889
18603
19761
94286
18476
93760
96701
41634
59318
44316
12602
4433
3119
39526
36885
80955
86124
45221
35115
75301
39048
58588
84764
90637
10980
99300
8061
64846
47054
52772
84493
63691
92255
32495
24095
99516
79774
82939
60215
96563
61347
30937
51632
58858
43766
70038
37913
86314
30454
57677
94112
45146
77013
37958
1862
54850
84960
78223
2803
21979
5533
26006
68546
47926
91661
93600
97789
16677
41041
7977
13155
56106
70985
37240
59974
76026
83958
11038
77873
35533
99137
38636
91526
38980
86965
27278
99494
45048
61192
14215
25962
82395
77303
43114
22094
32077
69807
69842
28941
382
1607
30847
82760
65082
33002
237
57503
17174
57716
31123
77250
89398
6386
17781
14273
50136
60875
81063
77632
33856
98525
47166
90118
76577
41312
72532
30645
97541
84552
3448
24340
54330
49126
8208
57895
18233
82829
76908
20736
66355
9426
27624
67247
99930
23148
88286
47701
82633
49435
26437
44534
28561
3014
72458
71821
32417
43900
16777
78713
35186
76220
6984
53077
4460
8784
96112
81862
93464
91508
4585
48653
52036
15893
65073
89180
25868
72916
57625
68709
83627
233
68669
58958
11421
43333
95709
8161
50096
29103
9564
28928
34855
75184
11636
20854
64202
83883
70132
22856
62062
52452
72632
21706
67004
64129
57315
35918
57121
1005
90748
87639
36978
87129
23298
60555
49881
11614
87980
26631
33600
35870
45730
44909
3801
88424
82546
14905
935
78649
24752
38129
74285
49920
22093
23514
5137
99674
55218
44487
6349
64796
36473
15341
14482
45615
76424
86898
67545
20566
85132
39395
4359
63755
18478
68933
57755
94311
49908
46915
31032
96064
57366
61094
76650
73068
23931
23043
63767
81604
28976
43310
58563
84869
46245
48204
88223
66672
18756
35302
34096
98832
42351
18009
91639
89179
91316
77962
8227
67314
27247
99256
30575
99683
96957
22378
19064
91598
17944
82983
79264
24420
54132
68836
38808
64266
63540
12951
51534
96606
77002
74795
15986
53457
30954
69037
33990
99218
26377
27170
69602
10924
61815
34619
72770
1413
31830
39105
42701
27911
30262
65099
9985
32156
45007
20462
37856
50418
16314
60212
52017
97278
19020
84645
97013
67069
74000
57410
44871
94197
82016
20881
29775
36857
35680
10866
68451
29644
279
87183
57722
9117
16939
10834
37967
48305
73623
84849
54094
18015
51179
17861
96702
59476
21729
77625
6827
92983
22295
75965
3791
40518
13966
5593
42460
50591
70014
91967
96808
6971
14899
29241
54582
30004
38953
51586
85277
34440
68735
98513
78967
94549
19675
78671
71144
27620
12762
51722
6761
68675
5682
84738
95280
6762
98598
6784
48446
36000
8997
29575
73796
24629
98879
7330
35987
14095
10469
10589
94399
99235
51292
61584
82255
37625
4382
13142
32547
44915
44077
8348
98050
29062
57428
76308
91616
55686
25149
71433
67592
79040
94344
26221
61708
91936
88654
22094
98790
18387
96755
20008
77993
85127
99073
59028
88073
7759
82663
32989
64004
58883
51886
13459
34539
85316
93779
12793
95953
46524
26405
3385
54351
39588
1213
85495
96306
69855
81237
29538
5730
85220
1703
76807
32687
92793
65987
65728
52602
40122
30252
63466
35453
49241
1359
79892
98040
89024
21313
72531
34873
78738
47541
20786
91335
78671
28246
74663
9835
8502
33447
75201
19676
23365
5013
83005
69414
77723
79605
6200
18070
64607
76927
99039
13188
30618
84967
88834
72509
10942
46644
80999
56619
82538
15038
91898
11812
68454
71017
92514
18764
68777
38521
91215
98792
18010
88976
6480
24128
68275
9707
69249
30096
73889
20278
53441
88651
93960
69095
99809
31821
56036
81214
57080
64283
96138
65782
58388
25657
41260
47720
51532
5512
2652
20029
1840
19609
37256
63982
42498
56147
41347
66010
40766
67773
70629
77091
23891
57672
10216
47141
85334
60956
91219
15732
41676
21982
91668
56113
86053
78011
35814
4488
47048
86931
97459
3178
24585
24548
49266
69154
30392
6738
64817
65013
26067
71696
17390
36219
16987
35342
83391
57237
1252
7136
60338
71466
70597
59494
22414
49282
70320
74909
84408
78621
87900
89345
93298
88945
77917
68413
5117
86175
87317
78033
68672
11569
90372
80959
10977
40274
39707
37682
4239
37258
99983
64363
13730
39412
53704
37321
67771
66525
3769
92564
80933
55899
68778
44934
35517
20072
35504
36503
81357
62842
64447
41380
48307
65921
86934
71868
46913
81372
17496
84486
84158
97304
46747
20625
55850
79974
10905
57370
81278
47351
80196
37268
87953
16630
53143
60087
65720
835
54343
12647
70021
15208
120
47776
61936
7225
25324
69147
71859
91117
79350
46944
6062
29459
58573
89448
56524
24979
63452
1357
21917
26275
44342
38000
91938
63202
94054
6983
96903
25013
33061
69793
81194
24987
66501
35031
78394
84430
52522
44401
93466
46521
68089
22098
8293
49488
84648
85858
51340
42097
51284
82134
4827
18774
94514
91549
66713
83539
52989
54441
76174
57650
7630
41336
72895
80968
45898
37023
35412
10803
98069
87058
14651
39347
50340
1138
14438
10403
56624
21299
69199
34291
54726
39081
84347
87202
60
71151
81308
14301
5630
67283
17137
75950
31974
84193
97288
30147
80458
71435
30052
16893
95536
9746
3290
23025
4540
9811
34548
47967
78377
61201
14392
52620
58582
62778
72835
85118
35256
89529
66959
56339
43758
17912
87156
62079
59506
88016
5035
60288
88011
15119
5133
10655
767
29924
6457
24870
74053
48329
57557
32664
56792
97710
79628
74897
20584
47390
60982
99804
60747
58160
48629
4363
84241
46285
44155
22390
25909
59800
49609
90323
335
57951
33235
45070
55622
67709
51039
88709
80067
85161
620
17123
2816
86974
77103
50519
84128
5032
4728
85776
76120
17288
97331
32631
70347
30212
13835
95049
2035
70990
33417
57583
18523
26063
63994
96700
28362
34416
68750
11747
1497
81125
35196
59187
6246
70775
35108
60208
24289
26092
62733
65678
16259
80404
16140
92972
82047
26067
16422
78411
46161
30918
21164
31114
88883
16276
68965
31616
3310
75666
93067
48309
63724
3859
15339
7740
99020
24330
79983
40049
9200
83294
55161
22155
51537
96649
81605
50590
56882
48748
1137
51569
93649
4499
95033
89111
30522
69088
47898
491
77974
66839
47865
22285
45281
87046
35548
44051
24952
57646
65365
7854
27409
98066
1951
6171
68261
29563
66017
68674
48744
5701
11952
66606
27738
90858
24274
53257
50773
20169
52700
4723
76742
48627
6076
59296
58777
81905
41779
22348
14318
79509
37722
66395
94120
3484
33349
54544
131
21053
16965
12554
35589
73969
61064
94646
7853
13503
64027
56373
26760
68386
36335
89836
88387
65881
91001
91074
51675
2507
19188
65913
48528
9364
32833
43564
76248
49393
47214
22049
25487
53476
50453
68074
28588
60228
68251
16574
42576
34949
66681
32368
76695
77055
37655
79081
71088
61021
31284
81446
61161
45093
2211
25936
46020
21023
41263
94932
96358
38691
5886
39071
64622
47876
1300
97752
30211
38451
75247
96474
54725
3025
4207
39500
80966
9972
74808
83390
30322
39925
74896
73602
76297
21364
59492
66949
40109
36137
21127
6761
88118
73096
45242
87616
40995
93040
54406
62087
79276
88784
56806
50684
91091
37974
74114
89598
7416
60406
56342
49632
98859
4947
22194
77193
52381
96589
19386
62187
57935
45735
30798
95997
79692
64659
6948
31800
95347
78013
98704
93131
8460
12177
74085
1467
6043
14761
94358
10586
71954
87831
35478
21698
4097
33388
38109
42126
47049
58019
86667
64598
93263
85292
92551
61670
63244
69336
66561
68569
47360
88126
63862
16855
59846
64457
93905
57096
9923
6302
34702
14964
36056
45741
82074
54361
72087
33779
95990
86663
97907
40969
46971
24251
82256
85038
74263
82326
25081
39148
1173
218
41040
71785
26843
80608
90912
31564
81133
11161
5774
54601
55278
85247
5006
66251
97767
23607
88082
445
86112
1510
97981
81429
68108
79501
85686
24734
52993
97570
12856
80033
36548
25228
70342
87119
86755
74651
58684
24238
40604
993
88960
66333
77820
14417
64920
86725
63265
7987
4469
62238
6784
86209
51084
11867
18051
78209
10597
14643
31210
35646
96109
44653
33810
20101
26886
86695
95091
95258
45279
15747
99460
87189
71614
91055
84217
63325
2265
65903
16236
80894
94532
29545
99994
28810
6756
34509
96132
5418
54754
46367
309
45247
45628
63586
55620
37625
73205
12899
30351
52850
74189
95295
39015
39432
53611
54674
27627
91350
47702
76637
92173
24815
771
51827
89777
54326
75113
52288
33747
92028
5008
2583
89479
34998
58984
25942
70012
28827
38070
18808
51962
68855
20777
35543
16107
94351
98251
24603
7382
36722
65939
86244
61254
40151
78103
40720
46889
79993
21278
44553
24628
13580
11284
73134
96452
86362
70294
71324
88447
34207
8429
30553
29401
84893
64472
73918
35859
72509
23650
99358
72797
51843
22739
31703
81020
59660
68099
69075
7143
90247
72424
84091
71787
68141
79888
9881
87247
41502
6154
9193
19506
13114
5055
49628
48719
62584
16927
22504
12034
96358
15189
27951
54309
55582
12412
15177
10452
39233
31627
70161
65103
69460
55339
810
65917
29843
24202
55212
43212
46326
91208
98639
25975
42399
7631
86002
98049
61084
22687
95497
78814
85567
20967
70081
78225
93399
97040
94384
39856
72523
30771
12798
3204
19795
13899
32010
98700
46931
54821
29435
9760
3093
1780
28516
83123
20514
12609
43762
10386
70653
25151
96053
92042
22491
66428
22600
54086
77954
24436
76927
31221
98269
69152
74765
83658
4122
22476
23087
3805
15457
74246
86169
77935
27249
36433
85018
51051
24536
40505
35662
52647
60430
33954
88000
63658
74895
19289
99354
82119
53907
3116
25835
59912
13228
65173
79571
73894
6748
61009
65774
20212
97488
61967
14042
67676
13820
47172
72455
37537
72628
10556
72219
24836
94821
24939
28831
69250
56110
59169
95529
49657
77790
78011
18118
81291
63339
98134
42180
98300
53804
40735
48441
63094
33204
47750
55444
7436
26283
25937
72414
5787
21195
95629
8652
69004
84212
25215
132
72437
62572
77400
7274
13056
23959
43079
83718
580
24142
7400
67411
45519
33215
20506
49606
18917
79266
40719
71577
51970
9459
66204
52339
72667
2064
13680
35542
71971
20656
65378
68485
71433
43134
1666
66640
35871
69137
54642
11934
65749
39306
44302
37173
65572
92554
92006
23368
31751
22829
15820
73630
29187
59462
61641
99931
84551
61655
81226
76397
63374
95054
82231
12981
97025
16823
47044
99088
79834
70338
1761
5537
30948
84882
29932
66717
22526
69183
22854
28051
79198
25609
52323
34838
23282
84985
98107
88712
18241
72885
70653
10693
21936
52128
86788
77544
49089
71436
44705
63614
17494
72317
73559
86021
12148
75323
47430
86209
87938
12755
17663
99611
23184
74411
84407
17718
23412
40096
951
2128
59503
81758
80495
74897
44366
59611
4779
10003
17229
41392
47965
48141
64951
92053
50874
79230
74952
75096
40161
3891
22547
94714
20630
64469
50367
12646
13
33138
55820
66607
90113
88806
55732
10340
56708
50597
22476
96979
44081
44200
7241
53847
61277
98482
19904
98175
80396
86718
69350
23133
95328
98343
49686
90024
19724
883
5649
27375
51783
47261
32447
42553
39580
94590
13523
10782
96094
99799
66573
94875
85593
97789
761
68534
33988
84321
3445
67407
3954
51963
11089
75455
82535
90450
82350
78608
41480
19627
46120
84633
52747
53036
52176
3764
97486
58444
3090
12189
17091
54617
37078
57609
2921
33189
38978
51265
77046
49709
72572
86905
4880
14183
42700
97106
45083
9864
9280
55496
81964
95088
6346
87576
14908
24147
45604
89778
43257
32292
9460
12887
45399
19551
73354
3632
54563
15987
4934
59402
26231
35179
36438
84561
93161
57016
43037
21320
11615
10365
18352
91491
61053
15670
49497
48321
72575
17157
96351
64745
3522
86746
86749
69311
50620
60863
59694
25571
4908
87454
97194
95591
61036
31535
12521
85067
40387
77505
81863
7063
80631
12420
28033
53492
61951
84625
99003
33543
50487
70583
18467
58891
56013
86051
30288
48522
46808
77707
94181
46232
99496
34487
2098
87916
88312
90796
99097
14075
18880
15350
73902
31091
86983
76402
90743
91697
63190
5589
54163
56479
47496
37693
26743
5102
59517
50802
66291
55339
45902
74839
60116
81569
5562
20851
39138
54668
97919
34231
75049
9877
27109
38956
76054
94735
94068
4890
53335
37388
53990
53143
741
59036
83286
81642
99581
26884
22776
8123
57481
43223
56834
33433
12894
15987
37672
37863
74111
64731
66790
35780
46814
15884
50102
38901
2306
83455
69889
91985
89477
65722
91154
79017
43892
93139
60646
4339
31002
88738
30240
42194
80982
1665
72121
52643
73224
48131
32276
77989
54443
80686
67695
678
22652
33462
6134
45511
32760
6519
34098
32523
56452
3695
57567
83201
83238
37463
56187
23179
77105
50748
6778
36011
18398
56253
81878
20105
70389
20067
41955
80739
61355
64824
75489
21362
35941
84485
81258
4788
54811
71213
59980
33020
56568
37695
96817
57170
42974
33532
63097
77736
26246
63558
92073
78906
1797
47136
75325
55073
4426
96840
94937
17812
51491
16941
96285
59387
77568
72623
11734
78450
14799
22706
78225
11447
73926
46110
96587
92016
95072
22615
23973
37148
94494
54995
3027
98004
90127
22045
6194
78589
60234
80358
72409
65005
66328
42338
94121
57463
26383
15974
92670
35029
89240
53052
35656
67921
46610
68000
82771
73168
53872
36571
3105
70171
79389
73433
3962
73675
34240
38537
25498
23601
91546
42832
36649
49856
29164
37131
24199
59256
41590
82207
16326
95887
11802
72062
57618
93277
68959
13177
13291
41892
82002
54908
48851
48634
22630
20907
81187
42453
72348
64439
45496
74002
5886
56188
60587
51458
44485
16346
27134
75666
18618
44110
32849
61621
38105
49197
63445
64912
90898
39165
13464
92450
14858
30255
91679
80845
63774
77564
80082
55013
79495
71163
5616
74420
86681
28445
4419
8712
68549
77573
49903
77114
21375
19399
97284
22300
17210
68284
36532
82398
16526
55103
63902
52380
49244
36647
52423
27464
35560
48578
8170
85135
65701
10762
51335
19883
30831
68774
32023
13445
47762
60224
27808
63108
81768
49182
35235
31734
927
2304
63827
53882
99768
27125
79008
67624
97740
45977
69873
16510
35785
36975
2609
93736
11770
98423
544
16234
43557
8589
21578
64813
97454
69278
7604
61604
6425
60679
9266
16537
25229
17355
46294
91449
55635
6897
19780
67001
9118
63736
53024
71652
22564
4344
63657
29410
2827
64247
37343
71366
28575
356
99647
90324
26431
80179
98927
67277
67031
52246
42325
65560
13128
96692
46082
57263
52196
47176
99084
33411
5430
27513
85369
37741
84254
57457
36215
98515
48570
12349
76968
88019
22976
25280
85819
42606
58535
75508
34198
64308
50694
9822
56367
37768
596
28525
55610
16783
48975
58766
21244
39931
15960
77359
24927
76238
38427
73710
73694
6349
35852
78173
60032
56580
72717
76821
28097
15632
79852
95508
91404
53484
24745
65813
49765
50491
82070
79306
83234
77358
21719
34360
12218
21555
62440
92686
85238
35867
32542
68835
99012
16934
86213
96908
48714
65806
89289
85783
16151
20332
81041
2152
56181
27338
61573
5741
8155
2470
99120
47135
13663
68480
44288
15672
53257
13729
73834
17387
79394
76808
42859
85188
66155
85777
41962
68221
86858
11652
63353
90426
18015
45080
14617
58947
46773
37026
28829
80859
70421
42686
44935
18881
3188
70936
26095
78402
3276
95704
54274
82297
97864
4712
44231
42437
35224
74755
10045
83045
12965
93211
41312
11666
9118
57319
23466
58873
31121
21703
56022
21364
46358
94102
46560
72836
62245
89515
57608
42252
75656
29612
78677
1421
63819
9200
74358
5050
13455
25518
18115
95735
51550
21223
11683
42483
12184
10189
89959
29695
4940
64239
1075
6506
52995
3074
97533
68730
23735
9197
60462
47817
20097
8145
25157
30906
4015
93939
36219
30422
44307
49608
8257
25576
91993
80988
99685
75121
43921
21118
70772
93064
27338
58475
56793
31538
4480
94614
995
34233
18796
42065
78341
45965
24314
12411
35127
20020
84600
60262
96858
84751
62538
56963
46681
70954
96698
77037
60939
40607
5292
22702
50420
99113
86608
19186
10123
84384
71569
38854
44951
69621
18218
10540
72466
99371
57272
11103
93840
90288
42347
2493
40696
88599
46390
3029
87441
18292
11206
61134
79608
89843
96815
52850
35213
45653
5313
54518
57678
51848
25498
35943
22587
34465
48597
52146
59737
49369
46720
57263
73202
39329
99051
20331
33657
97507
3068
25201
48331
96343
38208
27573
47409
99583
91900
49917
11202
42048
93793
64780
88518
2845
36990
15915
86645
52497
41423
27894
69949
44009
30963
4353
58562
58396
71356
10245
43712
59464
18624
79627
95533
61738
48108
60980
52730
89176
38999
54402
79031
41343
90132
1831
43318
82933
57762
55112
28711
31194
89630
21389
31203
64144
46840
72744
39653
72724
29155
92159
72242
62136
39237
51000
54905
77054
33358
29408
28598
29491
67078
13751
67248
66117
34079
89404
71618
2210
9994
74865
59863
32239
88005
37771
21550
47202
90034
70104
71037
95581
34947
45964
7218
36840
2448
62698
97429
36489
3115
17356
96297
42466
7307
62896
73457
86247
78373
5919
81807
89242
5466
89434
3655
7653
64713
62563
99779
70611
13476
42085
74704
23372
95296
68865
89093
86860
48838
78167
87779
87838
52486
36781
35128
12986
16204
56959
69470
21208
30250
40803
74721
81743
5365
52567
17501
54095
76556
53066
38917
20343
47155
80675
50528
77140
80670
75250
12974
88855
65416
33458
70569
80050
39396
8855
45927
56783
13098
28761
95931
83596
34131
82493
51739
3415
64480
38845
13820
96353
82772
71411
35097
84514
37763
75431
43347
99594
37250
50098
12690
34975
29597
44655
72554
94520
37927
11133
42617
84309
57420
49427
59308
57880
49891
63585
90145
28484
12287
21758
76872
11024
82565
53939
2786
97512
80823
58852
66955
18657
85359
28566
11957
82647
99335
66594
89673
83717
79157
42644
19282
86047
69237
81088
98229
5903
5022
70370
9336
63211
16534
19280
75588
73712
76449
18462
79973
11069
17941
78286
37550
64654
75273
29106
24729
10482
85612
55391
75596
44492
70353
87088
79864
48387
56904
30804
70426
76806
26024
42229
55236
16992
73033
38054
8566
99251
97006
58792
70662
32212
61119
41849
11263
70371
15188
80057
8197
98214
91214
49562
31446
13185
85312
14084
27020
74580
40810
98467
27264
70736
27334
35406
24616
55831
23227
17780
94113
7343
26959
46340
28136
37219
67738
61945
49377
26647
38325
83424
63067
98277
29969
42376
11499
13657
16709
7461
44436
1669
13151
7681
54153
47234
12187
29472
7625
96356
81617
39630
59753
93784
19369
64263
42831
85148
24361
1730
87642
699
91247
68347
51903
62244
95931
1724
66543
45351
64996
51719
56532
89803
81226
48866
53274
34574
49259
43456
88458
98554
60143
69448
7601
61697
76222
70692
40160
76565
30258
39305
15021
81061
81447
87421
99350
58904
13006
32170
52262
4159
5665
78237
67151
58459
12177
54395
6647
14603
75707
31137
78704
31759
16889
15927
66623
11198
39828
23440
46463
44544
40695
83904
25726
48777
58719
66235
46884
18259
16303
35462
57043
79798
27649
84124
22826
25863
24758
2303
65156
95946
26925
20601
59774
73941
3634
21677
84278
36227
79086
35679
99503
54386
44541
7933
62448
91546
8637
44809
140
43274
17698
96868
78460
84096
1030
47288
4073
31812
88222
2978
1574
77186
78248
10938
58009
66018
1248
18336
5050
45222
90449
11333
59796
55743
32456
67475
81929
15212
61573
8730
50899
4145
82987
51736
55652
21200
79415
77668
94094
10854
13517
79832
38591
14756
74989
2520
96165
85000
6757
85635
73903
10968
6336
73077
52020
59803
50332
4054
64556
25236
64761
75715
77180
29243
11501
45175
62959
27066
789
17525
59168
50753
20774
51189
10037
17286
12802
31592
93925
19324
75557
87082
92025
4047
36479
93956
21712
34298
79804
65690
26173
41989
86271
90103
45035
64126
76365
73843
44993
28850
23046
26943
19009
1321
48174
22509
26026
39003
69897
20190
59261
48563
95174
93257
97500
44766
69554
32293
3822
39920
31053
29332
94048
6163
98362
40076
10470
94509
18159
84386
29310
75469
21517
149
99893
99345
69801
94293
58723
37944
24169
1454
32594
92607
16042
18197
80028
69498
53022
37517
28562
35504
33747
58934
83161
94099
43694
31860
55758
49883
15575
37623
29579
73599
26830
68940
92225
31311
24059
33151
81093
82288
40419
72843
3559
77813
99383
39616
57053
46326
18790
97648
35327
26512
74866
28438
85708
77945
46336
84771
22122
27710
9481
33158
95530
23771
70062
69623
90857
92085
14600
58561
40722
52312
87773
59338
78690
60041
51023
34112
49348
10759
56270
1089
38394
43906
63598
18759
30109
79383
56563
21614
82459
41640
87624
30564
65984
65685
911
48012
7152
99641
23699
5358
6768
43299
81914
39134
7236
81006
76086
63496
83411
96032
41946
27509
73639
4700
45002
74013
16752
15364
5867
41545
39368
10446
4505
94499
56081
21729
2488
58749
14747
22093
47202
23930
48193
94885
39262
61085
41555
95994
85042
41516
76975
1717
89295
53024
58664
33712
58987
19180
94313
6577
81292
90184
14163
72868
80128
74777
12993
67956
73450
88222
14221
93478
60151
54265
72555
41491
37742
75576
53747
69472
67781
68064
20508
91515
18736
64341
17604
83347
80757
69704
9036
43348
75387
97726
95776
37502
17569
75768
85716
50434
6763
71812
33354
43737
85750
17568
92305
69056
93261
22566
54151
9363
8372
27416
5342
60165
46050
74633
23101
121
21036
646
10941
14273
4539
92288
13364
46032
99423
42518
52655
81886
90526
131
97239
99192
95013
87393
37174
27456
20767
18585
84340
67336
13123
90441
82394
80487
96487
62832
99191
20022
9651
76953
69472
59562
70225
70561
85138
55150
82944
19846
10452
16412
85287
70543
15736
29944
77030
9170
94080
168
33032
15366
61021
79636
62966
91526
34802
5078
31685
49245
57719
45214
6191
23156
44186
36197
6879
7222
7263
29932
96070
79101
51432
86257
37898
44027
57136
85996
90878
46406
91218
27724
87533
92032
25255
57577
31984
64194
79275
95302
20511
92709
66721
49573
75780
92557
99469
26022
54443
3411
53567
6846
79318
17901
55120
85840
77516
30972
73764
96650
18961
13649
78864
57599
71057
51612
62709
65756
10134
16851
17834
88585
59194
58652
81272
16511
8278
88408
86878
4704
66584
61387
80725
17271
59379
60236
70254
65005
78960
64069
13784
74981
36579
66951
3421
46005
34296
51118
12876
19105
44940
48972
98129
94902
98905
75989
73600
69151
39081
935
60817
51751
63723
96371
62502
15245
76130
96844
39816
55069
4443
85675
66702
50992
35767
46493
59935
67874
78631
70538
45551
84012
20086
11202
9702
46014
88032
13989
62142
85627
93216
67439
41707
25168
67014
56319
76629
98418
82856
7715
51136
20435
1967
73218
96973
29985
92403
29541
39737
17115
29377
97155
62755
47345
152
231
5163
92151
25683
80672
68790
74021
65632
9861
94254
75278
64559
46179
89926
16891
3655
59460
32796
8420
96562
57053
43991
8522
93241
66389
40207
43988
6506
48781
49675
7780
99669
19601
39078
67796
27990
59417
11563
12307
24781
15548
42528
88598
56682
96562
96063
75261
33251
70339
70942
59235
69000
31090
75600
35745
55277
28512
67781
66400
1958
46910
3884
82200
82
89746
953
3018
38350
83461
41826
84407
52395
77256
92579
5467
33433
84064
33313
4298
39266
11797
8876
14181
47475
23154
58941
64984
17621
5114
21311
22099
21722
28776
58858
54531
40083
40320
31338
7692
1406
46712
98686
63014
90205
25405
30236
85970
65762
77763
89555
95031
92422
81420
33352
65756
68537
54356
86690
97892
64051
62839
50433
5474
81673
56512
38600
21399
53852
68110
81083
48431
80971
37989
91588
55828
39208
56047
26448
13133
8776
73837
19958
35160
17460
12414
42264
91519
34621
43722
35106
22649
16204
86571
79823
50912
86423
36281
8458
78346
51856
11825
88306
31110
74392
11585
1975
16789
65872
98258
64961
62659
24336
56370
84625
38688
35504
34366
82687
44320
73539
18185
59233
93739
22852
48811
24813
15233
61929
81672
69621
39342
80372
43419
33106
12582
70857
79359
11260
98717
77241
28187
28501
11813
61020
26152
51749
81669
78078
57952
72192
79123
29168
51492
40036
87566
21695
47561
69119
53850
71106
52481
51693
29560
88972
88866
55262
81505
8034
57397
15158
43904
70279
6172
92815
43785
4370
10369
16953
45626
61761
59992
4993
50668
86791
8464
17743
99637
29953
34427
5001
34366
99558
92471
83541
42268
82396
1944
55356
53902
3463
34196
47978
63281
66461
9579
10034
44035
70037
52881
73679
83442
65310
90554
6757
96768
27756
50881
58885
70422
56525
98644
2831
42018
40665
71455
93042
72750
91080
2067
89679
35934
84285
91539
58684
18950
20608
39643
67204
10342
63434
87278
83403
11171
32825
47706
30863
77986
22564
48714
78731
16292
77544
21192
37429
2425
85376
77292
86983
12578
27955
12294
63035
3303
77255
83364
15151
82706
14964
7680
85064
51078
37012
41450
27730
20415
50454
8909
28485
53895
51377
3936
77284
74674
49846
70379
98527
18199
93118
14100
27161
90092
65794
94085
53700
80573
29802
81788
92903
24968
43869
93423
73761
50008
26615
88473
64072
53115
61721
30054
80234
95586
44729
28727
99861
52406
71482
69394
25298
37329
18359
64841
99211
38528
31641
86021
97901
51571
73128
13838
8393
85373
34622
84602
47061
1071
36407
81
77680
58540
58277
66553
21762
85704
69888
52610
62177
90178
61914
48719
53936
66235
69232
78367
16002
22929
23676
37368
59292
57149
67303
34512
4057
90117
91645
72311
42535
60639
39353
8068
35374
83748
9279
78426
74321
58508
39304
69526
98125
28299
40184
78072
60382
52967
52619
18956
44577
33077
43278
92788
41588
54832
72043
55955
26970
28949
25884
91129
83899
86109
20608
6662
6695
62616
64299
75677
40347
89090
77303
28295
53820
23141
8313
95776
30561
11307
18607
76770
18605
66014
51413
10251
67961
98527
99478
94734
10224
68223
93056
2452
65684
41020
74832
42700
66623
18203
98636
96726
69412
40863
78032
46664
91763
32196
28896
17659
91163
31355
95165
37045
21545
40002
5619
60915
36303
31070
25326
44403
47905
3480
47948
37052
63704
55697
44526
30410
33017
51107
61096
45370
7440
64086
88952
68750
55733
64284
9811
94333
39025
18442
16539
79386
26394
34547
72269
93023
94074
15074
49334
31575
21838
17267
44038
46245
67850
85231
28636
55892
22106
4675
51585
24315
12515
18076
32753
13356
11207
32961
83124
15290
43624
47468
94700
35781
4260
76326
1190
67076
54430
23774
46834
13645
5597
23654
45392
16067
40686
73931
81248
87965
49381
85391
81052
29135
57729
9860
42242
83928
15693
26022
74760
26791
31810
96502
70036
9546
69386
34831
77444
49364
13695
72071
20519
78250
38514
19876
36719
53579
14728
33464
17022
29658
19615
58234
46781
89737
49678
42050
46220
47364
13642
27265
68371
80214
98501
81339
83095
24060
560
47554
873
13253
28353
72976
76024
82498
75056
8320
11110
3472
82812
78410
53880
6878
29579
80858
6375
54013
64814
75275
53876
47428
10338
87045
90777
94205
63123
34735
12986
77712
91419
54899
77402
47881
9737
68846
63145
44872
53276
72816
55931
36806
76206
40918
13396
52447
23406
98273
97920
69952
72517
67122
22879
83245
21306
12389
95389
14575
53906
35655
53184
81465
80911
48278
36218
90966
61881
71668
77343
76913
75098
79974
1936
4641
86754
93711
42070
23534
44299
72580
80842
75332
72247
43884
60560
89683
33398
38614
48964
4352
21572
50487
52109
86284
30895
76990
42351
19967
37078
74358
41341
16625
22028
63768
66762
12853
25820
52201
72064
14466
59015
42391
68234
20479
19305
30572
90572
17418
59641
56973
81746
96997
28047
24274
92998
56701
61888
19233
22555
16409
4
76777
79719
54491
11641
53400
96237
43606
29152
50361
22968
21165
42213
17294
79876
82243
13725
95494
1685
29349
71176
85436
42827
81648
84693
34860
53006
21664
7013
77297
46339
72214
11431
46272
8193
73797
44195
19003
36541
1785
62066
13939
55585
35556
49930
51069
74139
9158
96024
22287
65841
65881
21062
31992
67955
67895
96380
46105
21737
2344
7746
22436
7723
69195
18628
41999
66832
52736
71790
26037
413
87952
7031
56490
19583
4186
22106
17240
96820
43355
36894
14746
85508
24665
99896
1077
36205
64332
7911
73070
78875
17226
40445
78380
96727
18797
99933
42955
15126
48131
74015
56570
80563
47217
33329
40050
34935
85988
39640
12435
59795
71767
19284
7100
75696
60154
28577
57927
88158
54885
68857
99103
65833
82393
55735
72766
18762
3919
83319
70600
40186
39039
7066
24798
11841
11919
81829
7679
50860
92502
75912
63969
87548
21388
30780
10856
79067
30320
19366
70657
34826
88917
37240
84766
51094
3562
30455
8975
54697
35717
49943
51672
26781
35627
41122
24852
25899
3870
17367
31590
56802
7108
37423
47000
91635
53008
79196
50739
30152
30479
39498
92025
60789
83569
52551
30562
4039
16145
95967
73169
68824
45187
80863
55474
4037
82521
5787
89202
21911
95827
10700
443
69021
55905
49841
22251
65851
76981
73174
2608
34428
74282
92146
88098
97954
94603
9258
66076
80702
80577
68339
30936
41147
69597
37813
40519
41397
27422
72842
13930
15303
99808
55366
69393
69218
55714
98577
66957
40153
54897
5872
53171
67577
27222
69121
86479
33782
77464
54373
23746
50721
27568
51128
20762
47574
59240
87131
57421
84753
31374
32595
92722
67968
98299
81418
34844
37012
15610
80180
79219
22577
6935
52716
61681
18533
89190
35388
40630
821
18733
18204
73640
52563
74959
40017
57226
13484
64566
57751
79384
78334
64412
71065
3260
12838
67702
71357
6544
48919
82878
61085
88145
83559
35931
76016
30845
38243
94959
36263
81033
35299
26973
34578
91904
91833
29109
67
98332
17090
23517
7755
70682
73919
40989
42657
446
43581
30215
20097
35202
40368
71426
12593
88348
79198
24434
23518
90411
64920
63717
85477
13277
53508
57500
43309
92129
98677
21396
30354
37027
96988
47472
61469
82762
74872
59013
60014
96618
98664
96065
82684
70150
99618
54745
2259
82118
15036
66702
86652
75504
89607
84763
10522
21222
42523
31134
51312
55772
11917
47488
82977
24149
11390
72803
69583
24793
56813
93127
63013
48597
94189
1465
33328
43599
22833
26872
28808
44067
32419
22757
67180
37759
12692
99430
13451
49784
39789
3223
25023
58215
91460
78223
67572
99204
36139
80234
5223
39837
99203
58904
21289
29843
67438
20577
77603
30225
4833
5875
31699
62633
37272
89130
19892
12845
58979
71994
50588
60103
90558
43004
6878
28470
4607
16627
97616
68933
76040
77914
35880
10186
13693
459
81311
94968
85551
54958
41367
51585
72759
41821
58681
49323
65918
11793
7479
55373
32761
54922
98768
47975
77842
97823
64978
20860
75233
99520
85753
11949
69690
84997
63989
15474
68927
77910
67114
13015
64918
49845
32978
74098
86230
67275
91645
79549
95195
79310
93080
50324
33337
43116
58731
16428
66700
406
32221
53069
39566
8780
31858
61966
23970
15425
25140
38220
73742
49323
54511
56614
90277
86025
29398
66328
546
17681
81412
82962
53137
25461
97853
37141
41351
75313
88435
78857
33618
26388
78628
23454
83082
10825
43776
84413
5575
23841
71272
54825
76941
16030
850
96376
9954
14910
35593
68072
12736
96162
40817
30784
45029
81274
96201
63172
16519
53424
11881
34548
44806
64077
75019
94722
49402
22123
67142
17166
82315
90073
15285
74015
90880
29732
52022
83872
14447
36488
37006
84149
1458
39027
63081
74521
10843
49106
76032
66134
68062
12795
8820
23807
88781
81653
53398
22285
79361
21160
47881
35476
19571
80221
7807
9794
98923
99441
81119
21620
23856
4124
56136
40948
67998
11224
12944
47090
79798
46256
2086
382
32751
57574
25237
86304
37738
8481
60585
69108
89379
2770
20140
31973
42883
28065
6185
54661
21299
87257
59058
7174
93259
72236
69501
16728
5704
35204
81449
31679
76443
85096
44286
79632
62142
65255
84851
19145
14147
97507
43145
94154
32837
75165
94196
69908
41215
96858
64953
18172
61051
93295
56851
78699
26914
36238
95984
52917
68626
31500
42425
62197
21967
57326
78350
43361
82832
7248
88687
54511
88026
32593
21784
61924
96970
55934
69796
20660
16235
41306
98386
98460
10279
76615
94309
3831
92186
17236
61925
20928
1314
96483
23555
54981
87027
38390
65881
57893
488
53109
28240
51494
44852
4350
827
62069
33718
88713
49473
88955
76042
84535
95352
71928
56603
32599
56877
33534
9591
4404
37600
20909
87932
53471
97387
6694
90766
10484
39427
22927
7722
41739
41432
9378
82260
43486
48919
29970
60685
28018
75406
55035
89377
62532
11919
97668
76956
39025
20526
52084
44445
25761
15844
85070
58754
28434
85046
74411
65795
7613
52560
98291
70331
85286
45675
76887
62912
57253
14798
28334
61460
10156
19088
57385
16980
16277
47067
89109
53613
9546
50444
41101
21807
42032
47607
96602
1530
80816
14472
36360
54901
13827
16676
52485
35613
92858
15630
68409
14394
25288
47013
29757
56046
92300
94539
23225
5318
51358
26976
34974
24723
48565
54957
72413
10322
5395
86940
98690
11975
91662
7716
22288
24681
96092
37411
94970
68118
25050
87108
57948
30567
96665
83297
76660
56191
14118
36898
90496
73821
61620
41602
38420
89776
29863
78642
65912
49482
39424
87255
99004
34669
76032
22767
67865
39811
26811
35889
1318
54634
33691
20146
80051
91019
97294
43876
11366
70699
89197
59289
77615
13531
71241
91717
52650
53354
45812
87170
74353
23771
82025
30924
15227
24849
81658
73484
11669
8966
42868
53235
20220
24027
99697
44828
24820
96426
69337
76212
28839
97527
88214
56821
44733
61029
6259
813
87541
69093
25615
5790
36926
82120
2404
90015
17940
49654
50255
55008
97978
22199
86780
10987
38768
18095
76271
58725
25425
5671
92048
38259
3340
16806
86484
54266
86397
89439
2757
88415
43560
25699
27918
49549
55985
8023
48324
51188
96314
46752
77652
81870
34714
59963
26501
47230
47830
9961
8202
27218
37823
56167
98151
33159
21385
34172
85020
51819
97475
85388
9907
95677
69527
47658
18786
9041
26207
12938
12670
28335
4802
2291
5756
95099
13802
79124
69925
14288
14755
40782
60277
37318
11091
67694
71632
49746
33904
63390
45026
81836
39682
61297
13329
34028
78487
72573
89474
58702
74332
65894
52324
50069
65343
71764
46044
51211
64670
66854
72494
33893
58059
20352
87206
66949
71967
82272
42976
1658
4023
69967
48730
80003
95824
73746
53299
69744
38363
8608
59552
55241
29309
97326
24459
53192
85157
69254
296
63841
39338
7991
94230
79330
11201
64261
61710
93269
45304
51073
63916
8738
4850
41491
88119
16529
59231
71507
79630
86286
88023
68568
70768
60485
88564
20872
5960
52909
79113
17838
98388
90785
30658
3913
29744
35177
70105
91168
62372
67383
39666
59252
30567
26093
27348
35310
29070
92733
27269
4376
35988
44200
44480
20552
82632
99655
213
13046
84974
33480
24030
48238
31443
26512
52954
1121
89553
94719
66248
60406
3290
26226
54369
97822
69732
48161
40113
34693
7154
63048
79092
43428
29947
37027
33610
76884
75066
31475
21270
29117
80881
1149
3097
78764
36634
91026
26885
91459
19787
91561
72545
53354
21605
70823
82489
89795
6298
44065
95710
65979
46008
75257
10305
76541
81526
97604
64839
87040
69146
86412
26378
58625
40165
37393
29389
76203
10044
53130
90233
22034
24148
48777
32920
56768
90488
18205
86253
77831
59194
51633
50542
91509
23732
83313
64448
2757
59353
27405
29358
50609
89502
14870
92549
82501
75166
34566
10446
45168
36590
21116
12904
91252
56958
94980
61154
28252
91880
97686
52051
53581
38585
35413
98582
81781
80089
45687
74213
81792
28025
49252
54864
32362
77495
89047
19962
89967
62385
80929
26545
53117
68132
33261
72456
56427
51167
32511
77874
12739
80105
8214
17821
81242
18796
70640
6057
92321
4444
47245
83140
67924
48488
81163
54915
19375
78780
96496
74047
44193
18256
26183
31785
80056
33105
62913
99243
9276
53930
56188
82237
22872
70639
20098
61825
73490
79749
91208
72571
7196
13553
55703
7856
15363
7868
13448
51163
90949
65279
87367
51046
9632
65297
16506
3467
71205
8810
45403
83974
97579
26067
75137
49174
37695
72589
68605
65681
20121
56858
96288
27777
52651
95627
68922
49983
31538
18663
45309
70058
99759
98837
82528
13924
42575
28551
6335
28746
16230
96291
81184
53005
65659
34639
14097
92146
65245
44440
77484
73378
81651
28606
88252
21774
42800
9664
13114
30340
40229
96447
55504
16231
67697
62002
31582
82573
61620
71462
41531
59706
62273
88687
97267
40628
20913
43984
88879
33220
92628
58915
72467
69832
15491
43397
69248
67415
64625
65505
48250
7410
74368
8823
32515
34787
56463
46825
966
49077
15953
27458
21168
52880
39065
42179
83001
10863
55633
14348
77665
42432
10698
94883
10229
75543
25582
33156
1776
41743
42193
30245
8030
32575
23974
50052
38780
17588
87438
96335
60987
59856
29771
38256
10596
77183
50547
74995
2389
94482
11231
33558
97257
47995
15523
1900
11798
95395
37048
4557
60624
57579
9365
46174
81643
9725
21309
23416
52670
49390
19953
83896
37538
90162
48294
55170
16761
59132
93041
67122
97100
59185
95871
38049
77069
66728
66209
59089
80603
96128
96197
27702
52580
77885
43488
24128
60901
55169
10087
80073
8044
45123
78844
63479
77215
54639
90725
81742
34933
43642
27353
55381
13185
9472
62740
68836
3472
7227
83050
24903
55784
58082
15672
22545
5488
65692
7574
50273
96463
12863
50024
83881
64396
65418
40404
43361
95348
73755
39406
75591
88507
92109
73646
65680
24153
37906
41732
67760
63766
22185
73090
28386
33792
70076
73879
26420
45208
93145
4411
84627
72270
71819
62054
49070
58209
50292
33020
26953
37448
29129
3203
60769
21966
81610
62133
51318
72088
57021
48112
21274
76866
71814
75883
36853
94440
84100
94148
22834
58273
20714
71860
73034
52581
51417
68611
1995
81135
85815
30808
78948
72605
5551
64265
17584
23412
6789
90193
6844
41601
29779
93663
97335
87130
50884
89515
48725
26051
94892
80067
87840
7853
35523
57380
98043
47224
59965
78373
3156
26809
54343
45580
9542
18551
72831
2788
11848
65648
64624
17062
69718
35480
17161
93044
97114
97729
41337
98565
60886
55062
44746
28666
46736
70017
57943
82799
81594
34989
68331
49709
5886
13541
99479
28157
82083
13147
88943
52311
5374
25893
78369
66840
79287
79394
22419
5330
97942
69051
64985
47741
12139
76612
56976
67051
64696
5057
27450
4666
41083
86982
91414
78466
9883
6454
78395
49774
38798
3053
57457
327
71300
25945
69772
67180
92756
17603
34213
87134
29314
1932
94487
21240
17545
71346
90835
15964
47722
34642
36609
50376
44401
31783
17396
51879
36961
68336
6856
78371
19132
60592
91802
21304
74320
32719
1284
14533
72929
15710
72083
64540
5519
71448
48071
80345
48036
39555
94279
44079
77532
68502
95263
47997
22129
36917
44823
57631
48802
26295
95377
84033
10624
68745
48286
34894
21141
79243
3037
40487
69425
72664
74193
32976
42290
14723
73342
24996
46191
7068
10880
2056
40417
6130
61096
48221
44111
83059
18420
9999
86932
32527
29034
22955
92399
83387
67825
49389
43143
31569
4396
6551
16953
59924
74835
10493
11840
14577
49423
15485
23775
79297
99058
41677
90029
35179
82161
90957
20478
87270
21792
14779
91178
40892
67336
83269
94845
98250
51847
63064
18458
39653
60964
63543
14477
80566
22317
49800
34731
57318
65615
32585
62728
85269
92881
18496
53205
72163
73070
98640
65171
35313
85197
49414
69273
79490
91518
25747
19197
36188
97844
83477
71523
68747
75481
8621
70496
59332
4850
56533
40969
68134
78129
14155
45085
51580
55057
63238
38891
19999
68561
45002
34849
46649
17520
51094
48723
53509
4609
71898
73316
10450
18155
20997
32180
32998
28640
57853
76391
19903
49528
80744
51565
87925
79817
13831
71891
51867
89733
83875
69989
45828
79921
66911
32190
64866
87901
18157
28878
62313
60676
17757
70
77683
85698
2191
55907
91324
36493
96297
84245
89358
43761
81925
14859
11383
35404
56322
78333
2550
31139
56571
20182
12148
94175
22740
15388
49967
95080
54064
78780
95858
30492
62368
87319
79168
46571
55542
83459
94544
85074
45527
8959
28210
883
36431
43192
31920
71213
9119
85041
97616
22845
78129
40978
62837
74257
88140
39343
74085
55589
41027
57235
45349
49212
63847
6986
73792
8668
33373
14472
96679
7974
43243
67545
83858
28080
12779
57158
82436
70657
3650
96544
42509
43945
58250
42797
40458
3834
85771
70348
41063
46951
21609
7590
60516
80344
57303
33843
90069
64455
26249
71430
17507
59354
71143
81079
2320
22141
62301
11979
31992
22331
7439
72385
12594
22073
73290
66267
82358
34991
34198
81511
56633
65956
11880
43913
37492
29029
18579
26088
22723
38817
75198
73810
67401
93444
80433
24524
18096
2126
22953
82393
80206
88335
60171
41606
37763
76994
57941
56624
26047
76803
79792
56275
6112
29358
55234
10001
4249
40790
73503
3867
31983
72958
96544
55422
41661
43255
63692
8397
14903
37143
24018
62374
87435
28978
79001
89892
49987
87512
96783
81153
76999
88651
84285
5382
84576
4123
89531
15312
83800
45823
51072
71360
50940
49714
88210
26528
77123
1992
58972
44781
31816
41868
54910
90661
39155
27576
9533
10222
73367
68815
15387
64193
56820
98074
7905
8273
47132
31037
91385
25500
24147
92533
34969
38701
81167
34801
28505
8075
94623
40170
67558
21281
40296
18113
82031
23819
95179
6227
29692
56986
40642
73147
71294
65188
24521
88772
33697
51595
82745
10569
97279
62568
73295
22828
89838
85556
80044
30543
9209
63539
69142
74482
18413
99581
35803
82377
47977
522
89429
27225
68441
61721
88681
4688
66556
90654
49226
80446
89312
24838
89914
65747
3728
12456
68177
73142
87780
91849
34454
78240
12086
70188
54986
35891
80885
52756
96516
21210
2450
24440
14551
81662
57272
7042
62191
53985
87193
2019
21402
97019
55267
31319
74020
99983
60625
54832
37819
33578
91357
61090
79025
36535
34164
20650
36768
29729
91394
74363
25832
16198
82796
67271
89779
81909
47485
9351
31001
48484
696
20903
80927
8464
58092
54417
99355
50161
9029
38676
85843
28985
36831
27185
98851
10314
54550
29313
35420
38417
77433
99238
78314
13123
89789
90381
99182
43186
96717
25149
13674
53419
15038
13919
18268
8176
82657
57385
95521
16429
48626
58057
3547
80185
43086
68330
42157
41131
22977
52678
41891
18070
95549
55817
83886
62627
454
90365
94925
32522
15595
86263
32935
76236
8303
76798
76149
20559
65605
71123
14749
87255
78554
61121
47865
17950
51596
73570
2997
95344
84217
83724
20343
90565
1234
84887
59258
84923
6958
10379
87250
41392
87419
22186
10132
52185
72655
63447
24334
22146
80925
48226
51121
43075
20738
41042
29775
42522
57503
16429
48479
30123
42466
40103
6334
42065
30909
38916
81103
58847
41592
91756
32195
27640
98913
80522
91508
15207
63522
30688
98411
11164
68267
72299
70465
69668
67534
41935
71363
37796
26442
62975
77646
59057
79839
95531
58138
2542
83105
62278
64724
51299
31591
25970
58851
28247
91170
65355
64459
4714
93931
95213
17360
25234
87989
17186
4050
17424
59042
1452
69559
31021
98706
88843
79623
95638
45653
19468
70353
99057
29986
55823
20810
36443
87232
46899
76117
8672
88961
8320
36414
19286
83119
89872
94049
54679
71774
94170
73064
21273
19330
2685
65009
88939
46457
61510
23405
94446
1704
12830
89701
71790
26180
2227
83096
22587
68807
56130
767
1288
68483
59485
40177
10047
21362
13950
24514
40447
94315
32744
54886
15572
73265
66676
94034
1925
66116
24901
21165
38332
82806
9468
80183
80652
42984
34239
3415
90656
88562
99588
78498
17930
23512
50951
825
34360
51948
57591
98463
62591
32992
32977
26005
20372
47628
79683
57204
5946
82072
18579
38535
28245
64647
49784
41026
46013
68992
64230
47714
33006
94714
38375
483
38396
19395
93349
84472
324
33517
72260
14123
24318
67893
39500
91025
74831
86034
74436
94216
76538
66743
37178
84655
2070
66212
34783
3811
83451
26319
98095
64402
27350
79659
24878
44798
21244
99954
98446
62320
82971
31093
53581
61333
75756
22652
30619
93018
60613
94364
9914
20319
97835
73556
45086
3707
45316
24899
86419
76269
65227
19211
21534
58873
16924
93274
25884
61543
29327
94907
81638
90612
13441
64088
59990
42643
41518
69481
1700
35364
23708
86206
78121
43247
14576
95428
30724
50782
707
23800
17050
70836
16303
13798
23032
9933
85060
91580
14741
30515
74808
99216
19603
71962
77434
22538
5540
70265
68199
12111
73544
61925
15830
6220
20948
7084
92238
75323
36239
30891
57335
81877
87735
83052
62733
86228
88609
74528
49841
67620
54652
70965
31643
32197
98998
86484
14794
52031
84441
51834
73659
47523
82062
91600
95224
33402
21025
69097
21095
9421
46212
99511
28836
41743
14350
25483
68233
73387
43868
94823
88265
86149
99831
91714
81148
60144
98870
69847
89716
36076
8666
66122
44719
82937
38967
9785
15301
95548
42963
92858
385
64589
79079
60822
36621
11323
59554
9922
26565
68029
14093
18614
59406
55158
65129
42925
88448
40643
26549
94519
7997
92580
55147
29022
6854
2724
81450
7603
32259
20391
3310
74324
64511
24944
55803
27485
62007
21356
85145
68775
44007
65566
825
69249
95461
1192
44342
71754
81193
93938
87255
83465
23145
35066
27921
47593
56772
88697
21801
63572
98644
48878
54422
35146
76774
36361
20325
96350
74470
36790
26742
6477
26675
38915
9188
30780
2481
79632
66178
50734
24574
97875
74497
43391
54940
78820
44334
13439
19821
75852
58968
5742
6717
17829
82575
14352
95961
76301
20904
51118
59613
33069
76029
75625
90635
81344
6161
15323
67352
25251
31601
40844
33184
46360
94166
12205
11322
13654
36199
36981
2982
45136
68060
48982
25314
55680
69053
78203
43164
41712
26888
15520
55970
44549
70866
66798
44181
28329
33381
45650
3388
17587
5191
78264
11893
7509
25787
95209
93798
37954
9601
19166
54450
82490
70008
45440
62599
80307
47236
44766
43347
94949
71787
98858
9751
75923
92953
35665
76532
14705
81699
87284
38658
74038
87880
77575
15328
1919
84756
80902
86053
75709
19646
31375
53397
44093
81073
28384
7855
58995
10088
61262
48899
76834
50002
92063
3841
53065
71478
31205
35052
74349
85680
93943
42926
70335
11000
60525
56485
27786
19844
61880
26075
38460
69284
32763
6323
36942
73323
69226
17407
56018
58925
75998
56175
61368
56228
7058
6628
55133
96205
77566
76194
60688
50927
55309
77187
6978
77115
50301
13833
38858
13583
51698
65260
70226
57653
77559
40881
54689
82249
58738
44987
40486
6359
66851
85787
12190
27554
66649
76835
51490
1954
87857
68473
60688
97573
56268
3847
72244
56758
58667
89422
22066
36154
41417
39963
86419
17911
96278
4402
47050
76303
37932
16231
83682
51339
62448
23180
27846
11891
86758
69955
1644
80761
753
74837
95070
52949
38470
81116
96423
31947
54956
81851
40567
47433
35762
48269
30323
71884
81356
94490
9884
73570
85836
96678
47482
92011
3545
73892
74340
6393
25551
71753
61903
63542
14450
48698
61073
31492
73360
70887
55473
61023
9683
61169
12941
21727
92479
6502
39910
8794
95758
94318
94380
34822
4101
73086
29570
47164
64403
9929
8398
89496
10438
96886
73279
80381
43433
11245
46971
58165
39422
79883
484
57558
56500
38518
41447
6209
45093
94602
32225
11619
89775
39985
33133
56542
78637
26353
19854
9826
28817
67295
65974
70133
13728
98257
19633
23026
23530
77009
3601
50189
58052
81582
32790
25173
26884
92429
7258
49202
77912
79356
47158
76717
86084
25287
38164
22095
3478
50468
91667
31458
29927
40
28912
83379
55217
74172
83416
71545
37895
7883
22246
40400
51894
55058
25018
4542
68566
2426
98393
94870
15244
93794
59739
79195
93120
22196
66773
3804
81685
32250
24291
85470
40906
16298
5906
52343
55309
55421
59079
54006
27767
17277
20464
40673
12744
19068
69541
59958
73183
92130
41113
84243
15701
63614
19107
31537
3063
56989
71908
4938
4831
75225
60276
44987
31310
25544
75246
80133
47784
88278
27604
3022
20363
70029
48736
18052
39085
68592
21929
79970
85778
63303
27534
69803
29767
53301
37762
73522
32606
32901
24148
87196
74918
643
24889
90878
8901
47719
90936
89824
59445
30123
37746
16387
10745
97854
56013
23518
68731
39314
75580
48388
5283
17391
97644
71010
13398
59274
42092
37156
99272
24785
99962
70807
92319
10877
49542
32137
72422
33578
66950
63693
98474
93826
84886
8922
44469
26901
59721
51699
13796
74565
92976
80321
70631
59198
33894
10685
52053
91907
22230
24650
26058
24067
92521
5662
66014
28075
73712
9377
6434
67029
77674
44911
46137
957
62002
23128
17713
20852
74665
69574
92670
20206
70011
95870
35953
66038
93840
6783
77242
37282
26834
14248
96087
2881
86902
11286
73495
80720
65289
41483
32399
7628
49080
89450
4376
69313
22716
61855
32932
38017
46400
43420
9595
71025
60720
58845
96822
73629
73600
30573
58903
38636
91798
28162
84643
77550
59733
6083
26621
14514
39559
89961
1825
16947
86214
98691
79449
76562
52935
28852
895
36672
76195
51096
2320
14258
96707
18564
89225
94743
5576
69258
39361
92133
28341
77404
94051
44079
59577
58248
38086
32915
11068
99169
82122
92399
89510
47518
8882
7252
87270
78748
152
25203
50470
41631
86417
88148
66985
51253
76063
36358
7133
38651
95949
31504
79619
70618
64042
60166
93527
3945
10181
12952
25886
5174
15361
84932
7436
82430
2453
41355
48528
20185
84771
29696
96412
65684
65778
23165
79924
53590
53547
37008
96242
49348
57773
25139
36724
79680
84973
19353
63715
25515
89581
87172
97824
85899
53367
73236
96205
95016
13911
11706
1142
64881
78419
22666
7482
476
25319
14607
67386
19498
26881
29656
88892
73896
71286
76496
6844
40370
21119
84267
75440
60466
11731
29789
72215
63558
16674
54533
46621
47200
75788
19334
76749
78886
36860
18294
46036
47482
22564
75983
50829
3668
76918
95842
50895
69355
1756
6156
6223
24276
85876
64833
26035
54145
45836
8965
26357
66602
78870
93754
21776
26568
63048
99443
62762
12478
64082
14342
64893
8243
94141
27552
20675
99162
75965
96307
27678
78835
67186
4491
88930
27530
76097
71934
54656
12380
94858
98017
48463
58426
42086
22007
7161
67943
56318
45284
32255
83195
42123
96800
38730
14698
93861
94568
59408
21855
80106
21806
30366
59489
42734
15024
2312
67256
60217
14150
50794
61321
12482
65333
20570
60188
37894
26144
24461
1247
46532
19167
84034
19267
3832
27688
67247
4932
65842
77161
10630
37894
68786
5943
83491
89499
93795
37472
43669
76610
41873
6429
74662
58185
26024
72260
47241
73075
17450
87610
92351
38580
93869
35814
58598
76313
64623
79232
86271
55332
94486
62632
42810
50837
77257
11027
61696
83269
67012
45119
58077
72940
42716
69000
56424
43810
9008
71732
68112
94691
70823
63336
47205
2059
75276
80030
98879
77952
82691
80142
16047
54383
9639
42089
8033
82735
80065
37572
4426
34658
75367
72817
57556
77370
11663
72810
68931
78808
10638
9191
52707
36783
99089
15919
63632
3431
51703
18730
34050
11454
29161
64853
35699
18409
34007
18543
30030
13016
96337
43312
52309
37623
6590
86618
79503
5616
86044
7911
83084
3278
341
26146
62742
84253
99259
33010
34935
21069
27680
61744
9985
52950
33876
12857
62174
34485
34811
4895
68980
27668
64330
85851
14356
34887
11198
38493
33760
26579
81082
16612
78455
98377
85563
18856
60222
39152
87513
83412
51500
41313
94140
31442
10098
27564
26648
25599
39013
90583
54183
97021
33833
26215
6978
72935
71324
56599
77372
69983
7197
94053
94778
47684
69239
89676
97459
28575
19502
42444
66080
95100
57348
13542
65471
33973
88232
97219
19562
78986
58524
2069
72719
16621
20449
59125
61036
54618
75297
25386
21930
86468
67609
77035
26674
42635
38305
48604
29712
56105
50553
44277
79363
98859
20978
22433
65213
55677
57335
36193
70270
60638
32150
27312
55559
14707
64558
51938
35581
55735
5558
49509
861
27536
99976
15978
79318
10333
50088
86621
63495
73323
26197
52015
97366
15879
715
88405
5994
26510
10323
85289
98918
35584
10600
92238
13379
79442
2310
78066
66824
52163
84208
31468
17705
7975
3678
41156
53465
99103
38882
34898
63789
11849
69589
95966
21070
41779
75299
85255
36346
92299
11184
73631
57144
60210
81093
89523
44023
53680
47515
1961
49442
83617
49955
32002
35137
58636
54767
86174
80719
26356
10561
78367
58068
28551
82158
3686
33342
74579
16142
87866
96225
88601
34626
20967
16104
75610
36386
72258
27414
87663
76483
38251
33406
12117
8002
65899
69947
66852
16624
30877
13421
18272
19705
60809
55537
80904
44370
75627
18971
73708
12255
84274
41299
21500
43262
9477
86441
85660
17139
83904
46390
37907
44017
46652
30032
2531
87170
55084
22026
51315
79187
17379
68326
27143
41919
60660
99672
68497
42487
38545
99416
77409
51306
86997
24995
84600
96983
65021
28367
59770
44300
19184
95401
1250
59833
75552
99885
79599
24054
95273
70401
5692
13870
3062
96719
75118
88839
86915
59421
27782
86383
63772
85738
53078
86053
25061
32967
17553
16224
60723
42735
56858
8480
72215
33380
9534
77903
77851
49896
72446
70772
94373
23414
89285
6100
15608
22779
90072
69285
33178
19123
62155
82288
30545
78948
89648
75138
82470
8017
29706
77424
48235
1276
39392
82052
30040
38940
77708
27976
55345
63286
55699
13390
62820
62971
6544
72729
43119
92030
69769
42156
95198
61808
10819
84013
56082
74074
4658
23734
21149
11094
52712
95064
23913
6891
92302
4587
4344
11619
12560
31095
93606
20458
59859
79352
55531
30373
48098
22482
15582
6285
54502
82769
1267
63783
98260
97210
19780
91521
42432
18676
48429
23690
25551
37805
75505
78639
31978
91018
24923
73582
56622
53519
9055
87289
27328
24775
31198
75400
4287
50321
99400
34075
28018
73639
22460
82603
9920
96716
68619
15916
58014
43313
36315
51714
86498
62020
80103
15836
36471
82325
4036
2897
78250
11942
35582
43445
72288
57903
68864
6712
93034
25804
36115
89340
59633
41411
77502
41874
30252
11381
53163
42127
72081
72385
34347
89008
70471
97647
48015
3207
377
80576
98999
49024
13223
35343
74312
79989
18935
44324
45238
27529
21865
15349
92290
56677
41927
3769
1116
9422
39675
72939
93833
14303
77019
12023
34239
62216
93184
35108
36142
46083
9045
64862
74585
28942
99690
76255
31970
67818
10855
97401
89411
21679
84382
47554
39128
30122
85977
11549
90651
86772
26739
85185
10471
23024
1411
87080
30014
22720
89746
62646
39974
61125
72046
89700
16494
92913
35703
96904
89678
95402
47830
17763
65612
55742
58190
30662
8667
33086
95818
31650
34430
8344
53526
86123
14891
24405
72842
40872
95306
1675
60193
57561
87804
33568
25032
11493
77337
48860
93617
70175
60369
32073
61063
18005
15124
18986
68092
29429
77806
22901
447
28924
30954
90318
9225
32317
68599
72034
22774
13066
37928
93885
67568
58689
80852
60808
25447
19478
22750
76514
6142
39097
92976
53050
66783
94564
42592
26566
50734
43204
67285
36259
14106
37921
60898
83562
47760
59851
19856
68971
57034
33763
57147
92201
8357
60067
2899
64402
272
41899
79202
67481
47616
25737
48877
46641
5440
72228
12436
93224
37350
92453
62835
55741
39649
97123
48075
94464
77102
18442
36731
16229
68362
91942
29159
61445
37346
53138
57595
2865
67494
71127
61801
51283
99516
80387
74190
79395
28464
92040
56947
72130
19721
26638
22350
86423
63703
27767
22249
95364
72905
12972
23258
63076
14587
72937
75154
1219
97548
90145
26226
87482
80685
35087
89334
83813
92949
96507
29845
61667
37906
71846
8961
31529
15995
71346
52393
66148
80449
22320
72798
82761
19907
36423
95123
88410
20608
86622
8509
97304
71846
12422
36794
17152
61770
85735
46606
54467
73745
67846
31976
87493
69867
30351
49987
10994
88895
62181
21672
71416
25441
93891
86001
12549
32385
10222
7625
53150
15197
44505
35663
9112
5110
16212
53560
79767
56896
48306
48468
39329
75346
44022
50089
56638
1886
98298
60892
15471
61915
72635
11151
5991
48733
4484
24100
11946
84134
65045
23039
28961
73366
33199
95849
33143
64382
99743
59665
90868
64147
24101
85741
71155
12413
26401
84734
25665
51279
23961
75473
58133
89777
39400
50178
52423
5592
34054
87996
21294
33848
98224
1339
83545
93552
82068
9234
66025
73315
49724
45735
66122
84359
70388
56476
57293
2358
15257
50122
931
81090
36833
87526
39128
24998
36385
40197
57225
97207
97598
54428
96195
27321
84179
61119
76858
82254
45500
96619
94498
79017
23549
73344
63790
43777
48307
11814
65347
71105
28052
87184
66263
15228
21989
55134
5836
22365
11576
29884
42499
49117
70336
80424
70334
95054
14291
45649
28343
53364
48538
89307
35926
13268
5528
44447
61011
39812
17077
54478
85704
6913
70886
65238
67026
26624
81562
96830
50916
25052
36131
96107
4040
55982
91743
82245
64179
43035
8035
97492
80644
4135
25123
28772
87513
20743
42464
14855
49133
58644
43374
49977
178
61947
81057
97727
96167
50930
43380
52265
89974
52165
21973
7127
35885
93006
61328
48887
3414
55267
98838
48940
65141
5834
90762
3658
60638
94183
51369
9918
30161
99574
77139
43275
58323
85555
37274
79279
34762
7830
58598
29092
13492
86173
80546
11746
90405
52194
98791
62785
34203
24076
44034
57500
14911
20097
40517
82258
40251
13048
24775
69767
52370
36620
57016
53575
27169
25421
10150
36842
96432
29649
59077
87314
63668
45416
1022
41521
30244
70413
44983
53192
29942
22968
60475
42730
48694
97264
12229
60288
45730
38174
75470
96773
6789
21468
47633
7281
97678
38413
11160
18483
60844
64870
72933
6072
38344
5546
55198
6216
1343
86067
92661
11471
29435
94700
33299
46105
14861
49468
11553
38743
33161
26268
93299
81630
33917
74602
28529
49070
48271
73078
85667
30864
74611
74489
16185
71545
21734
40646
1716
85963
30505
38521
25333
67995
82909
27180
64831
96013
59224
7592
51275
67995
33666
51352
43273
82581
93199
97656
23725
42082
50616
12781
67933
47076
92216
99503
91638
83770
71168
95041
35222
65727
44055
92354
36842
16495
29458
48347
16756
95786
18252
67448
15960
89265
98562
11444
92099
83278
88014
77740
55897
46224
63293
52118
12890
61267
86223
23115
98448
78910
16171
76671
36727
68358
11036
42738
8105
49072
15020
74302
41477
80372
36124
19824
46555
7741
64221
76788
8727
1900
71662
78378
6600
1949
16786
21397
42732
1057
11981
87729
97978
76106
31803
61028
16075
60773
21965
7277
15525
71362
9089
74521
70278
34415
25436
57173
30185
44834
91047
88734
9656
15381
10756
69588
64623
57548
6475
44397
35689
82962
8901
39366
73993
54241
55140
38675
39270
44257
46845
35448
11028
99431
12899
75856
96331
40607
66209
25802
8022
76805
38516
18388
45563
16652
29603
82960
18754
20161
42364
9603
29603
60202
74476
94156
32784
67752
10618
2258
17084
17884
57664
88150
70247
45638
64455
34567
76136
25928
99486
38356
94006
97801
47032
6748
67282
17813
57279
36673
308
33954
53976
23771
16752
15405
38389
64969
30341
45187
43920
60739
92994
89596
99339
98379
43157
26465
69633
77953
11346
19918
26536
86517
5980
87507
55846
1080
98515
8340
61357
16331
22906
31056
55765
80857
88067
90975
45844
26465
90394
94101
66620
96907
57803
80515
74193
5787
56496
41084
95525
81315
83611
61781
51698
26579
27804
21446
46036
54540
18704
88141
82432
80467
39303
58738
16741
80577
68592
70020
39102
42166
31267
68578
42064
81037
74
93271
56646
19531
87821
84476
8103
65457
82393
70465
30833
65234
32940
84007
84948
3806
91007
57540
37069
36316
42640
48521
5085
74902
67755
74816
80934
77134
1845
12271
47426
78767
99605
88026
43455
73246
71232
71525
55771
62223
40511
43446
98008
52820
4414
91417
12060
62768
31251
14813
23431
5674
4873
75996
73458
86205
6409
32184
12769
7244
26340
15008
78884
51603
36575
40754
93904
57368
25660
39066
60756
577
26177
38617
63195
27743
52743
50145
9950
26951
52800
10652
77091
62914
6790
97165
17398
65914
5853
92878
85570
99605
72644
8440
47435
47870
47517
43809
92971
94526
84022
95392
92872
60714
77363
66636
71855
50102
75514
43490
335
8455
90779
61125
66004
95782
88858
91840
39838
26705
39162
97767
25405
85803
65960
93500
87020
53588
62369
1325
4455
75923
8449
16890
67466
99663
76297
33684
68231
68253
36940
51713
92515
50804
49366
66620
80942
38364
79194
65338
10718
82501
93558
65319
71751
59124
56837
41487
51385
86616
2817
37977
96117
20667
73682
19181
91149
75732
64408
43733
38775
62009
18001
85890
22286
23377
77511
89286
85222
43176
24121
60990
25162
25531
62372
78707
85075
62707
20014
76022
74215
46960
83727
680
3851
18106
5725
13756
64422
64572
66578
69460
24692
16877
72092
18824
59620
95747
69601
20101
76239
92716
44908
27185
46069
82263
64409
41389
10806
52621
54840
43092
34345
46814
70209
22720
86109
5685
84885
88172
52201
4909
53965
80787
65554
73053
34914
66167
8697
7950
94552
88094
20766
66510
15335
97111
43381
18973
41959
32314
92451
2821
51095
49390
16949
11239
39658
33636
989
31695
89616
86208
7467
35881
50716
60312
93796
7341
70679
13652
58465
4310
15264
73653
54886
80305
14493
72083
32221
79025
20803
31487
28526
15839
60159
35911
30750
58574
52255
60472
55362
69901
88383
31709
81054
65941
11955
9061
94878
40770
27278
25347
92847
14143
52845
2351
90395
99002
2308
68522
11488
69782
32514
75966
60396
28191
7683
70788
55799
4313
39026
45855
27581
84465
21401
32262
68215
47829
78375
20895
85620
60895
71164
20039
67833
26828
26740
37198
65714
19851
1101
1215
99443
10161
80503
22717
69329
35978
49976
42792
43510
24586
249
6495
27652
15937
30384
79392
74025
70636
53034
34667
72667
35208
4149
39332
48209
33890
39623
4247
8926
47626
83535
97526
2443
68070
68374
72702
89999
98851
88241
59608
49133
94054
21414
88379
51115
48352
61817
26702
82858
56064
22066
18539
98311
26658
39788
87648
62125
45317
83484
16623
41556
5467
84828
64245
31610
87417
92147
1831
31324
82414
24643
95832
52978
52593
99535
49815
99300
82931
34599
64533
95757
55411
79345
13829
97259
12848
61686
63932
13407
58425
79782
64600
27175
39584
37704
83485
85365
37710
7363
38682
48332
78992
94466
11147
75703
42606
3367
6583
78854
23708
15791
9049
90117
1706
62365
65724
93595
9238
77862
96095
13596
17313
87961
55064
31819
39519
13385
48660
98128
6056
43704
79901
88658
79403
21857
3765
51537
77027
27618
37631
2210
71649
75205
65821
94440
46216
8425
60691
55851
63320
18674
52682
4440
73923
97097
47825
7221
23323
87185
76670
36639
77164
80040
70611
69954
77830
53557
81211
95572
28882
30132
20179
30862
14341
17276
11621
21864
80915
40266
16176
26864
67259
34571
89988
49159
74273
22379
28745
73272
18169
75573
41919
44214
88446
50629
22495
2993
44034
81618
53793
28980
66016
64946
7127
5118
5933
38953
34358
84186
14509
2834
29813
97278
43394
70120
76398
32413
79007
48241
92290
37769
73179
14184
24921
54633
7713
58917
95015
9202
8549
11403
90698
47365
41968
47375
53999
32997
9948
66752
38388
48307
67131
98678
62696
48168
80913
54203
68527
10798
41827
43633
97378
31739
71463
76479
11667
81003
67739
73436
83470
69433
753
51286
2554
30682
82952
45790
51711
49271
15990
21716
60802
87621
51297
72587
33100
77570
79981
31897
15529
6637
73167
9470
30763
83939
83169
96878
58511
28978
74350
82236
2903
32571
34509
14916
68375
98185
45450
43797
92523
66345
2975
74234
51205
28677
38819
62148
42373
90464
26905
47126
13312
52304
45417
96332
92771
94579
25291
52776
42417
83056
5983
64026
60616
37132
28442
10604
54370
68453
37211
76263
10999
77038
92604
16070
62464
92775
46692
81205
96822
41848
80537
85221
88825
10538
65138
3407
77997
44450
60619
51042
93086
99003
33938
65003
91812
63774
39198
12448
97281
66337
78047
50217
70728
85690
63824
4011
74136
63646
59881
1938
27173
61499
71473
29787
34232
10702
5073
507
41868
39745
83300
73391
8538
5829
19626
25090
36687
97032
98524
16692
43096
2290
3898
43373
29824
91170
28607
67902
90384
35616
5782
71727
87669
60767
61542
30411
36576
13873
52201
11205
60294
43238
47322
91653
5416
12003
81581
97298
25933
1595
79672
45246
50282
64013
94351
3881
1252
43481
48590
26770
21517
20544
65583
24865
36394
8471
85275
19274
57333
26567
50173
22815
80830
21029
79730
78390
18156
39465
23101
98257
76866
26061
82103
38192
1244
45892
47203
42159
39096
74292
63968
85693
90962
51601
37303
65531
60648
86936
98836
22252
58396
23173
88626
88319
28568
61169
71343
16342
30987
58091
96959
31731
67154
4882
47388
89694
76402
10892
72698
91253
74369
99174
97849
6161
93156
62185
19379
12912
69075
68085
12822
49732
45241
39037
56044
55128
21784
75166
52213
23354
62569
19037
12502
47082
46208
34940
60715
25725
1902
4697
34808
42926
72993
59172
20029
40834
73094
47194
94984
30166
10607
482
48868
65576
70991
52132
55854
4030
44193
53121
75401
41526
96041
53939
47112
21676
46194
3169
81704
39649
29143
35007
14080
54158
94269
35968
55409
25445
44221
79321
38775
86592
9216
71156
45538
90505
92259
84429
84190
29445
6841
18093
54669
58206
80
20160
67351
39851
63403
70549
44472
36926
2383
72274
84824
76554
57050
4497
84536
18734
93389
60539
22503
18115
78314
7295
73556
27038
36824
46574
89118
15394
19427
70583
77799
76741
73345
50266
5416
34205
19120
90795
21598
23207
11002
79109
93730
56148
69914
11977
39734
99537
73209
61298
93978
37329
65425
36373
82079
38969
4851
63898
75187
18183
16675
77521
4635
64352
81825
92820
25151
37909
10979
3671
90046
65073
93373
63022
54723
8962
20003
90620
5935
93665
32421
93043
54902
27392
60153
24524
70662
19695
81943
31268
22145
63050
94141
55154
75339
4483
56051
26593
63487
48391
43817
93806
93693
45104
92668
25120
81726
65063
76791
16894
39112
59827
82710
37617
93820
48994
83366
33080
10509
13203
3977
226
65323
27390
66357
45484
3389
24385
93788
33398
43214
71239
14534
75076
42398
73239
84410
13902
48345
53783
38172
2564
36580
38042
5424
59042
38067
33069
72380
89836
73176
58490
15532
9414
6551
23479
67119
52019
13365
94479
89887
56904
93870
57226
96574
24139
5797
94363
33948
42317
89238
26630
5940
83234
24903
40748
25558
72185
7998
37524
80064
31324
43148
35704
31045
65542
88615
36969
55759
3675
43349
84704
89857
9385
96804
52258
60181
74137
12822
64751
29445
26258
61114
70408
21829
36778
66966
55450
94829
26505
71968
87819
53588
54141
70572
3008
22263
16692
98368
93801
81914
10681
12259
76297
70597
60686
50931
58693
41328
37410
44054
93929
93849
20911
12713
23441
16594
1170
86644
6427
56472
97640
76574
97927
28989
41058
24220
35175
24775
78053
33381
84777
39922
34177
84482
67038
26608
40523
66433
25926
15601
8504
46152
73626
70493
60313
79814
67542
35998
40430
12645
31745
21019
26760
88316
95258
52543
63488
68257
36545
40025
13517
50076
85855
32668
25797
97558
44498
50662
94068
9968
50457
18877
28914
57360
68377
42389
62052
38294
88490
45263
4305
89006
13665
21916
35071
94174
3962
36191
38601
6526
4769
52624
38880
20679
1502
72220
2972
5412
54651
70890
98044
45125
41714
56601
44673
55091
62392
3140
51524
85982
61313
77704
92687
22993
77198
16700
35135
84679
86906
56127
81044
16055
68924
45040
13618
91787
54713
42742
10551
33679
5770
64096
11865
75332
44518
76199
65947
96340
84428
63439
2284
78783
89615
14668
59037
97780
27581
35330
68285
92124
44142
85444
78483
99025
96646
62174
54262
68108
103
65615
47084
87067
98518
76429
76702
82001
45543
46348
32052
80183
54344
45658
28658
97504
2408
22241
87726
75355
52130
88528
38861
94913
19114
86291
41626
91246
73746
87774
85410
46861
49049
94121
13902
79500
44145
38517
80414
95951
20075
97485
60223
55936
93185
75655
78089
17988
19456
2890
59447
27720
11953
8810
39939
29882
30530
70670
45373
87220
3797
21683
79624
93716
19812
26697
47090
54663
41584
16891
70414
49603
60869
52812
3600
16916
20363
64573
73860
30190
43308
7659
23243
92929
16285
16949
10483
48747
75498
18875
97265
5351
31139
68930
4158
3971
48765
31508
19436
29327
91718
80004
32387
64337
98249
89743
7420
7158
79770
40670
10392
91395
3486
26824
58494
77641
35738
37460
337
71831
94807
33852
42346
55273
63727
29646
34550
5279
91991
26060
57966
56008
35944
2419
35183
12957
4203
37112
9014
31978
38529
51022
15258
97543
74540
57445
57989
48037
14526
25068
66640
65795
72988
55095
66395
43456
57774
17179
46118
60075
73542
33558
51598
28535
19338
94285
39687
22986
34880
73901
34130
63252
47381
45970
59996
54109
48137
34918
86483
20087
37947
71009
61734
34995
53357
71982
66392
80911
98451
11631
54080
95085
40414
25111
72480
41535
41631
56405
90207
53182
91674
45488
38949
99481
39113
53550
43315
14154
80905
39535
42109
3589
33445
71254
66949
73323
20542
49479
2997
45531
58740
23339
98873
97831
45939
58801
36502
89060
49148
27888
89963
74395
37071
79527
13827
53276
6866
2085
19315
19699
25249
17988
25974
78259
43282
58223
88963
74958
28803
84101
38503
15718
9059
8150
12805
54686
39897
53674
77511
35370
83733
90209
88031
12965
63665
39477
83678
26338
4132
14523
98096
20954
88739
79881
83795
41827
28884
43473
30962
43969
1616
6827
87618
5814
15732
94514
13656
55926
7173
42340
80804
61334
19805
98445
86863
76450
16054
92221
37388
97389
88146
18229
76926
37251
43781
25538
21126
39259
50592
93056
95559
91752
7866
85471
88313
5519
59420
95075
67045
11506
25706
60389
59267
42731
94889
68919
75726
94708
65905
13349
82785
79363
72401
77463
9201
12180
96666
97875
21446
31262
91657
42783
11574
69799
9300
1028
3744
26771
11567
28206
90210
81016
56635
14416
90680
44429
24493
61316
52018
26977
76375
90160
54544
38599
37013
41316
85724
39343
92437
51104
92548
74736
75876
33587
76211
39362
86481
96446
58700
79784
27041
27798
39010
50826
57518
84968
15894
9985
63292
31671
4973
31467
48634
47874
41997
68830
80913
14337
90261
37049
95501
59853
30262
46294
15012
68543
4754
9148
34119
46544
72528
45841
29381
75584
21880
21645
74903
75411
94417
48873
50667
65365
65236
53782
77872
35198
20813
92587
17434
6129
16462
75382
71443
8638
41296
94067
97023
89992
93767
42618
69482
33056
97664
28307
95888
23600
98906
28805
74440
81236
40990
6571
17006
30050
2364
43272
89515
4170
90115
84690
93476
58361
89885
84905
44604
74584
87173
10571
20423
78321
62886
86144
59244
26353
52753
80272
18965
57417
71354
40245
88726
87054
17680
63083
59896
59521
41015
55491
84929
65705
11588
21271
68418
16156
53268
85048
42397
57789
20009
90467
22288
36255
4450
13938
92130
3111
73942
99726
16361
62095
7277
68994
98902
82151
25211
79723
46494
22934
4954
82604
1925
2943
72259
3711
51209
40415
58792
77765
97128
54002
70193
40190
66864
47637
48209
44787
6465
88902
33732
28400
1312
34567
73927
97936
35867
56546
31572
43537
36724
41319
63385
711
1100
80432
45492
24460
13549
68293
54413
75349
50931
89403
95088
70592
27800
54424
68453
10153
43388
4018
25166
38267
87118
9429
40828
49891
47961
48323
99854
76321
98061
74965
5096
32536
48744
58272
97676
53061
43009
29075
26231
80940
18193
50525
95994
77933
32895
88043
53396
57590
5927
15983
95336
56306
13254
83996
22368
8351
37316
53230
20670
55741
75742
72582
51419
76098
27470
22227
56638
87947
25082
10092
55066
50349
69335
59930
61540
89642
65975
55443
67920
76606
61974
95297
64359
5849
93340
9601
23751
94215
15504
22023
62039
37547
87258
42270
44165
61323
76115
82317
58463
73732
46924
92501
43530
21053
37495
10552
62978
31130
18709
65044
29518
5127
51229
63404
57183
73620
51942
60135
77413
96960
73137
16305
54670
4334
72278
608
3196
27349
22762
87378
8866
51571
28138
88050
22715
79105
28326
65913
77798
8321
79437
67121
43010
94867
86992
56468
39106
58760
95798
52371
64558
45454
7132
54002
43766
99050
34150
78161
48274
27780
50823
44582
2843
42300
93385
80294
16800
87546
56473
84418
79718
62179
4626
74350
83040
40968
27332
52445
47782
96600
77665
61768
29045
47669
92740
31565
98243
68708
18590
1204
86781
18270
36222
18445
11711
13604
21084
13973
32559
20047
32323
40344
56982
2469
33017
60304
49820
85000
26636
46667
77983
31720
92698
55467
60048
2745
96893
48390
97162
9183
85841
46222
49359
77701
21411
85739
93825
78062
81113
92612
26906
8866
10040
23613
82569
17290
76725
3515
60074
82231
72892
19650
79200
98461
34742
86175
14225
69373
18075
62690
59102
22111
69076
90754
91421
26174
93195
53541
39990
75230
86961
20503
81110
28857
67628
99799
43539
59958
87739
29618
72861
27803
1576
24487
7901
3545
85161
88777
24909
70054
87634
29443
1588
36393
42618
33237
77180
41997
62792
33181
91601
37432
98523
38449
36696
46742
66515
48905
73225
77070
25279
13529
3435
14454
17284
66460
90731
79682
77926
86892
36344
68024
12086
37102
5086
60031
43705
60139
78590
44662
35248
28280
77126
3105
8521
87543
21650
90077
26818
82614
60798
50389
7349
28758
73862
43501
55492
65766
26013
90332
80898
51213
4807
81943
93212
79207
43539
63879
55010
18567
89528
40348
28246
74906
88618
64796
97808
30220
36441
63252
80235
54788
10855
27087
15984
9578
62372
56676
52061
48937
14440
43817
86065
53328
75724
55014
72790
2738
86757
44773
20588
63213
73117
4485
82158
66888
92912
64717
19587
37717
17761
85053
56868
21494
14967
31105
72229
42107
29719
53919
22049
72426
42527
20239
66918
2136
62267
80106
89722
13395
65576
87867
42697
81730
38755
88467
86796
65956
31917
10489
74520
14677
58302
73277
82368
70383
91490
64749
61031
66349
89556
77313
75206
5707
46198
76913
28438
93993
99946
93767
10843
21134
79952
57423
95694
57962
56061
99915
46565
76915
43124
83714
78272
39217
71556
65368
92659
39861
861
89529
29643
94564
6767
70287
95487
84913
27138
82964
22325
29096
17132
95425
55885
26280
35218
21380
17038
46312
27454
58032
82443
44122
83673
23470
1714
43916
47238
4338
42641
38411
81979
29929
64869
87778
8988
48237
88064
87617
214
81499
22134
7001
16181
49948
67205
15075
1154
69791
84542
36800
15900
86024
70484
12987
74641
66145
92864
75787
35386
44366
14222
17237
45841
58303
14888
99566
5967
64543
55774
14621
42726
15530
65550
88383
88728
17275
84341
8388
37587
50690
72626
27479
33161
62261
15251
78204
85360
62078
82175
31761
51890
88978
69279
83319
57554
86369
88041
76074
56700
69769
30475
92907
72839
46885
5617
54175
23339
47171
1715
56336
89977
1715
91037
25905
81339
28636
14492
64287
99592
97608
55106
40451
14596
96064
87479
25524
91954
17682
77948
59802
78999
64366
46429
81805
84557
40753
59922
47292
29088
17400
78321
84169
2472
29974
53524
35953
38564
72128
89571
41898
92815
26630
75326
82949
68130
33724
77962
17618
93958
26839
51125
15043
55892
82931
70470
89641
73515
24976
37926
58906
71628
57150
16101
85973
50005
20365
81803
91932
14329
94375
37948
27423
40409
27673
24263
14618
4705
72140
96011
36212
14401
83314
60935
6120
82566
33596
57852
38881
55797
80393
84480
33791
6947
10104
88418
2326
71508
95934
2998
49109
32622
92819
55196
20228
16825
13895
58577
73094
90005
71538
66289
17246
30488
30953
56742
64590
81219
87213
13938
59995
93919
26045
97718
36556
25721
15467
2621
43890
24056
4780
66024
48577
19287
42441
11766
84795
64035
92499
33039
19982
52338
42675
9165
65780
61854
17760
1160
58297
52669
7209
48860
17466
97598
17202
81370
69672
31842
50651
34728
843
18005
22524
53333
7715
48008
90957
97405
25258
81772
73281
43221
70646
27820
36115
42804
35130
52999
93913
51679
69516
28585
76405
3439
97217
66278
36363
6048
34133
29650
69900
8889
65543
42240
19696
77011
86880
8756
54595
5863
19284
52455
24726
31705
6753
66935
4022
86459
8372
392
94682
83103
87532
82491
99093
69949
93494
22794
66252
86717
62039
79933
22818
1794
71848
86764
42798
19284
28859
85809
60046
1703
27996
40744
52181
97741
9619
82663
7104
57749
69318
98772
26150
7070
61244
19368
49133
84156
89852
23390
88506
69125
88051
62743
36128
26457
84148
71757
91098
42924
92793
56338
86995
29298
83496
93188
99682
86789
45490
90799
77716
87510
88437
95648
50305
16014
35392
24034
27905
43007
74199
55095
97047
50668
61932
43571
26283
53521
50221
73976
94518
11473
9918
14922
24118
20282
64987
77903
12226
19991
51487
59141
60823
75794
2019
15935
7536
73283
10334
93789
35572
95482
46058
15112
37161
24677
18215
97287
89767
99358
54745
41376
18088
44756
1069
36878
58363
24949
7225
26236
70743
65141
8097
68987
62061
36509
2517
63974
22134
29587
20023
89583
15723
77345
57883
88261
93844
61029
13992
66245
56952
757
54875
92506
34771
20716
66954
2099
61350
43989
95686
47167
103
67731
32441
79847
22713
97675
74959
91912
61559
50992
17202
42507
66154
64328
85069
77507
54907
26527
96786
78051
45665
87208
63639
33049
24859
10635
54650
53931
92698
528
8518
76396
57366
7143
68782
10235
36385
39377
11829
47353
44120
73262
44080
27877
39381
23940
93540
81589
5122
72424
89609
81139
70760
92621
51888
59026
27397
42438
64161
36811
82236
61561
99932
49112
20102
9123
52641
38028
25287
56514
53900
87374
18652
85986
24696
41808
91055
67463
36036
56560
98893
32788
51378
5418
59055
97335
94284
79031
16276
50225
16738
38119
49264
83333
75662
23799
89565
54491
57689
49614
56336
22770
95062
39098
76263
22912
61004
34690
3646
65991
98801
11847
11136
53527
27473
73436
85691
25913
21262
84767
48492
927
94081
21363
45978
6118
95391
46075
46750
74949
47064
74005
36992
83157
29464
24753
48541
2204
66992
41485
39780
68535
73199
86446
66688
15908
39177
89437
30319
24298
78554
13563
51538
39909
55652
67
58077
74833
85491
63579
86830
63347
89218
341
16314
60351
64535
16936
7011
38313
41129
70822
36262
82283
46914
45178
15216
58032
45023
77057
40241
27323
43636
20834
15656
64631
79692
68394
62238
88923
58606
97224
24720
1881
81980
16834
29283
26084
72533
62130
30812
52828
40346
25505
82471
73176
3726
71423
19253
41742
93846
93020
29731
40193
2560
79109
59829
15368
47776
54238
73473
79959
45428
65400
60776
57580
22889
9200
68351
86329
9880
61476
75628
26121
61544
30866
33773
12272
40983
28975
53137
31955
33395
60545
86314
39249
94402
39834
2618
30477
16577
83761
49354
20409
618
29951
70458
44768
53166
86194
61778
76816
93250
90865
12727
44195
42871
43597
80378
73257
79297
54976
13194
5075
41465
42278
94986
25054
19870
17972
39452
65881
71542
62745
51421
72693
86322
9551
52234
1993
66191
64638
28256
79903
57913
61934
32770
73759
66858
19366
82035
61269
75472
38310
58947
73601
12589
16573
54918
25595
3064
41256
92064
30049
98592
5864
12509
54943
13489
2303
48509
25242
5967
77766
74796
29753
89183
2254
72560
46960
21701
28209
7227
76522
25768
94484
14625
34162
71026
27900
63171
33566
62676
71305
97066
50489
35846
33715
95855
14348
11723
39232
43030
60904
62803
12256
18076
55218
5306
45605
88325
88811
97102
77762
43864
23707
37805
27870
67111
84570
51885
89653
58181
32123
72822
7628
83036
72085
49034
97647
9175
846
55044
48904
14970
71367
42622
3166
50930
65758
95212
41448
51942
59940
3654
84268
90572
25372
29284
72185
73241
66188
26785
10141
44720
32708
64130
28900
55932
52360
13968
25166
43225
28283
34432
85643
34892
64138
17140
21077
14066
53042
73115
90826
11926
38255
92211
35077
55964
46498
9807
52920
34619
87901
81299
40168
47816
19598
83644
49829
85581
6823
91901
42213
1816
23334
2628
50620
17391
57126
98619
2681
31170
88416
73514
66880
42777
81343
16921
82559
56748
21151
24115
77072
61650
11873
53287
25546
13552
42990
94984
68132
20627
2181
81108
83303
17945
43651
65714
80335
17514
58382
58996
6270
14628
54302
95740
63677
40852
64265
45403
78576
72864
61417
27477
44820
54144
86315
55712
30263
73422
64087
84490
6964
19027
44919
90298
27594
16096
65542
79663
56888
98302
65655
93734
27032
1949
65791
5271
78709
96009
47136
14494
24010
15931
48275
87895
74040
40332
89104
78594
50115
20964
85213
76807
65706
92528
90705
41075
55521
7825
60996
77312
22125
42129
64053
28146
71835
46449
15479
17278
91005
22366
99865
47589
77090
72963
55697
91550
59345
16087
22180
73554
46050
33718
64628
5505
66201
48462
78086
41282
67839
68112
40463
51239
78975
2342
90684
17503
24634
36740
73914
71541
71016
66711
25864
3093
7596
81626
23991
87631
29490
89735
78426
52084
17031
45834
30832
27741
41941
43633
1260
71052
54170
44992
5117
16138
80324
29506
84831
44335
7851
6969
91261
89599
88011
94262
57376
818
44444
11588
80825
52748
8495
12607
44871
66411
59912
60322
19942
8416
53523
24830
90772
23380
95012
48070
28385
76139
5071
21607
54162
52902
97888
90326
96722
21378
83833
64673
726
26654
36454
95655
98923
14875
20413
98819
14847
69500
19767
99395
39592
66604
14342
57528
47765
39166
76787
6790
32495
73520
70773
34395
89995
51945
40399
95997
42575
43233
56742
5499
36830
86272
4605
83333
46722
62270
34288
94328
63509
75882
76298
92561
26988
7846
95395
63235
6273
49615
56697
38404
27003
26011
51721
11905
67772
87291
32266
82226
96903
43584
64455
74025
4331
67898
43959
42307
63121
42747
34523
6273
36094
50682
4339
51856
33477
35059
69245
59492
63533
76619
11691
20292
91385
76306
49951
13598
14842
15457
21574
83643
17422
10915
37263
85741
72594
86832
29639
2469
72364
33460
49682
79714
52366
34063
52199
37667
83143
12597
2280
24862
21996
75093
15229
88329
72446
81111
53452
61685
43320
12511
94423
34682
4824
9358
77651
94701
60839
40935
8960
29615
90311
84687
55753
98175
16248
8334
14234
9808
78054
58002
20729
84821
32051
51538
67331
72312
54717
30640
65540
48586
68491
20408
72177
49172
53561
5701
66214
75117
67262
96899
30327
72516
72726
50479
3253
20893
14609
84122
35712
52825
59287
5132
21187
69805
48342
22662
19729
59317
49449
56704
72377
1057
43239
10352
3112
45069
82150
85868
25148
22127
60650
36551
40033
94378
34829
26007
55274
56447
86636
49336
26381
35619
98252
25801
58683
48875
68552
66579
3354
73987
5656
20298
94241
37151
76127
79852
44368
74409
64689
37287
2506
70169
12799
19479
1360
24835
16641
20845
12891
89449
13182
715
77397
14481
43803
8331
77364
97170
85790
48672
32692
23240
37853
22388
96944
28903
18344
8944
36413
16651
19888
71674
81315
63214
11667
3801
30649
78099
66757
75412
69756
47392
96827
52632
68715
17609
15991
61912
84130
91814
74380
74607
16242
92486
45037
26881
99577
25149
12278
75263
6179
91705
3190
64649
76764
26258
82616
34190
72016
62720
6508
60527
70402
65831
41783
1442
94309
58573
6548
90451
68666
7020
38309
63300
91015
33314
79066
6804
77008
96421
65564
46526
58933
89173
41943
17528
70824
23274
39458
4412
54441
21004
61612
87428
48672
13858
93701
12366
14326
13026
58726
46943
62640
39526
60382
1764
63144
75648
2394
86323
93290
7268
50287
86576
15177
33636
20839
70540
42491
47225
10886
3463
91288
43708
76089
19126
67978
83317
46618
61920
23185
8011
2913
39106
81782
15002
81322
85299
58058
13123
48031
22305
95226
27005
74819
84122
21809
78729
12283
87271
78858
14787
29400
3506
76656
30740
26373
39401
8981
71013
6025
39355
93675
60046
89850
46335
19714
22892
26751
4980
56639
76465
34271
16322
36853
49652
86475
95039
91970
91978
22437
90542
67337
27725
61036
47778
38631
96312
13925
75969
44628
26549
6504
83523
8056
54733
12323
91706
79368
21535
67887
4139
44732
2092
79757
46074
29486
56078
93980
43844
82672
66537
31259
20453
3306
2490
52309
31227
58544
34572
47342
95746
91548
23977
99944
64285
26797
78925
40818
23414
3323
98774
28238
84029
63093
34008
60734
81965
10105
65198
51562
36844
86640
23691
35632
76561
9731
35662
28648
44639
32670
11443
1075
72528
19872
17318
14688
15693
46204
94418
98586
51257
74447
37432
22130
43886
52446
55515
64868
86623
15179
94680
17576
32572
45587
44147
82712
33172
8680
86669
97465
82581
77926
38962
59880
59471
88468
70830
54434
62774
11930
44064
99727
76198
51929
58278
61228
84641
21002
7032
5492
48628
5527
45297
56523
78616
94064
19015
6375
85939
84684
96348
68123
61983
125
19213
43649
99395
83885
3975
47939
51037
52186
52250
59398
91329
24780
76678
52659
67163
1423
46322
67011
4848
82162
43835
11815
18307
6490
82409
55761
91699
1891
73726
58307
20897
89877
41831
68914
43664
92255
29365
91318
18629
17778
41445
36209
10510
68028
91451
38073
66847
15776
80366
57892
5783
20463
93308
78543
82049
60293
32926
10571
37718
47650
49463
21060
64384
11875
2054
3311
21466
87484
89050
73840
5811
9141
24869
77574
48273
32734
38345
4179
80850
31824
39632
45771
7885
26146
81720
75928
64855
18597
98378
51975
20546
60700
33995
21748
35840
91003
66668
76845
17669
83226
65564
10789
56138
77494
82526
64535
33070
58822
21013
66933
82615
7189
73051
69324
59830
76864
14481
68822
21225
76173
9521
73115
7097
36742
7743
35684
39236
73585
98878
35167
55797
74093
60479
79944
71311
92875
97011
10490
66121
32422
94018
80018
79987
26721
3637
46715
61046
36540
21741
76316
15418
96018
98806
12506
66977
18611
97782
30283
86800
20056
31072
31417
18510
34984
94885
12302
43269
57350
21738
59394
50086
86165
39700
82399
53321
27753
2912
42573
17969
22635
74895
43871
3534
89065
91774
39608
25404
98423
39412
18811
61129
5478
60021
29263
5908
29791
28340
21003
70769
32285
43525
35971
30633
45860
27888
51919
29886
18561
93281
17076
5260
76960
90588
84306
52746
53700
74413
85322
1840
18791
38654
45833
88275
65934
24578
9909
53356
76327
85263
86386
85910
27138
10313
79058
36758
49065
71352
67159
5557
1053
20155
35462
90153
74959
14966
51498
79762
89240
51271
86274
83680
53302
19639
29800
76209
91139
7692
23007
14168
71571
79674
40888
52569
22442
85945
30721
6961
46519
64114
40747
19155
53969
68372
88566
12717
87597
93539
82939
24553
36505
16016
77814
7663
38904
9411
70030
11432
91867
2676
92482
72893
40440
218
13841
71006
17833
55611
21094
92158
24515
31842
9983
57724
51121
13774
8376
29245
81709
35751
89465
57780
79771
58027
49848
5283
65538
52903
76236
41083
31816
1921
33552
37920
41097
24338
10704
5320
79667
54577
92628
64578
8256
65098
84454
81747
60273
2734
98400
27899
23908
85284
64791
27254
68274
68861
14910
23199
5096
1797
82585
9423
17951
37269
39135
81027
66746
94630
81130
84379
84764
67712
71007
17855
8163
64688
16372
79420
93413
52376
20675
58444
4709
85088
44106
68916
88402
17450
12027
42247
81277
66275
64167
16295
37044
57302
79330
76395
49248
91642
25235
58300
78199
85004
61019
24058
74207
86199
44255
59100
1184
76847
83123
32341
84453
27998
96933
91441
37199
23286
33508
55102
58645
24293
21643
79016
38107
38054
86637
48189
42862
65075
3166
13935
58042
9624
34364
81911
96968
12996
42969
87159
36952
99705
50854
87864
57558
20322
69053
74418
95612
32932
89419
57002
58116
8205
70200
47061
20776
50761
3316
5019
95352
83444
1120
40247
12503
72938
62551
5595
49427
13945
30775
64016
50559
28824
74159
60187
91407
51153
9638
40154
37647
27225
47813
80654
42591
69057
45731
25843
77135
10213
12
81099
64627
87425
49709
25657
12964
2052
41726
21096
89939
60412
99084
61932
33482
64593
71266
65536
63425
36270
47443
89998
37370
33689
25223
9614
94426
49028
98976
63974
33828
14716
36392
29679
55443
30847
64184
3384
44947
28907
58823
68548
60669
78929
17453
33678
24494
72520
98867
88429
25634
69661
19514
81586
64658
67752
71140
35854
95752
82491
88642
86097
16794
50323
29531
10605
68939
25361
24438
8633
11322
99074
6245
81297
59780
79482
73870
19451
70493
72768
40918
52164
102
84227
96108
34121
9611
95530
70064
97682
84285
37928
64382
72856
67239
68430
13371
26375
6831
54523
38491
73087
57099
7631
81260
85428
25436
86781
10402
53590
96908
90334
85216
43339
99968
85506
94624
43767
63002
76354
21183
58078
13869
23057
65096
33600
76445
13169
4027
3267
86547
93441
33178
41935
15515
67444
37712
10610
30042
30781
45086
4132
47727
76870
54724
48548
50564
10945
4200
94369
27281
61461
33733
18102
88621
96218
72499
29997
93842
3935
59951
4612
60076
79592
59144
99276
24766
71830
55141
37741
35346
38303
69046
83240
71578
58556
88309
32533
68807
13121
84857
9099
30789
35943
67287
83294
50865
73669
98260
90498
15544
16766
27820
40077
14830
7443
23032
81467
53448
71385
41984
74283
88598
69445
48093
50215
91904
86436
47305
77569
40796
84872
26374
82968
56169
86044
89607
50682
46444
30584
42751
41123
48036
24624
34212
56164
58092
88710
86816
29663
25580
96129
76308
50031
32412
53205
50504
40100
90487
81985
85939
95115
43224
57432
28868
5325
92115
26071
93899
97838
40050
24982
85479
28981
54218
49114
32205
4460
97946
21958
74193
85021
7168
59121
25909
40572
72024
69779
77387
82980
93297
68793
14888
69785
62990
26008
81479
79565
11894
32414
68214
76190
91576
53731
99969
94812
56350
72991
39034
76648
31693
60534
95074
19320
23159
5390
93367
11192
54365
97473
55705
99818
82276
46638
95994
39086
42386
46473
9922
83772
77093
6355
6012
75566
35313
45956
33025
5563
35828
31396
16095
68222
6840
55258
29957
75541
21476
56796
54926
37510
39135
39013
79175
56283
29570
20868
28223
38190
89785
8561
54858
61280
854
7514
54418
52738
1937
72156
71962
1399
9984
61998
21776
88817
26063
64630
94031
78456
67453
87743
58926
48457
16275
65282
15593
22043
59584
8769
15721
605
83190
83955
70067
84858
19963
68921
85386
38751
25101
58031
30945
37331
22070
52095
72033
54085
42983
19663
64947
22468
32500
80474
83468
78695
78956
18332
78386
28301
93235
79207
12654
71038
55645
98035
86032
20017
61033
66354
71865
24711
25400
46722
5162
21044
71785
93691
93927
89598
47187
76360
57607
9341
67902
74738
53626
57827
14046
50072
79063
8789
92973
74939
30017
41463
73507
58294
58742
74503
79061
98251
19572
55295
48135
14808
45992
79933
62767
70120
83124
48992
62088
4581
40604
65065
18127
2700
70734
45537
26078
87513
29420
40889
22723
66305
70167
32075
61980
12063
98361
50688
26545
74598
54702
57323
56429
73205
53072
58931
5082
48744
7198
64271
95545
46315
39945
43081
88443
61609
30139
19876
66111
66403
73700
37498
86569
67453
41570
64638
59994
20658
21484
513
44050
14503
83611
88624
65567
18045
87350
60122
18336
23456
76408
71983
36026
14109
96992
68291
35702
59152
20213
24050
94102
7771
3220
37150
22610
7858
66679
11540
18580
33907
28548
28589
95788
36404
57487
89264
99984
68341
51981
67861
73427
63252
47702
58980
38016
38783
79094
85659
27892
80195
93488
88366
58742
95555
35535
63113
39092
9765
37323
20881
14107
15687
74004
54473
14066
40591
10879
4017
36756
88224
75978
79208
18568
92359
27020
31218
83775
59189
82814
2420
79689
6088
19041
8796
49172
33634
43371
48030
87458
22810
12273
68217
88677
64177
61650
70265
35930
98845
36029
56245
59168
92194
83936
87160
60307
11039
53871
4029
34345
10308
18765
31123
38537
26433
21466
15168
44035
83801
11609
42018
63215
33749
62333
17040
3494
21493
98128
88192
97719
72866
83903
27618
80423
89663
33924
87432
77864
47934
69745
82729
75156
20687
7287
44507
95783
83282
2993
48798
1591
83149
96880
86296
94673
64186
8547
5915
72208
92504
22530
87298
25596
21570
48184
3706
73661
25084
59690
68862
78011
4041
85160
77274
99924
40922
55727
47569
66585
26049
3129
78810
77989
78883
47906
41349
39354
59756
42519
95292
87130
3965
75933
31876
31167
4480
61499
27299
59543
59260
79142
12891
46784
8100
95943
29268
54556
32425
11978
79704
62161
98832
72262
27896
21184
73343
44804
91308
4767
18256
52430
22744
10933
56488
50805
89002
3058
72097
58271
1247
30953
97187
41739
42085
45515
83730
98146
85595
39488
19937
19740
15797
28932
3876
17388
85820
27612
70115
82793
39346
74964
60170
83994
17875
61239
47645
9278
85111
70890
5193
13301
13492
18917
22486
7566
77728
50863
44345
21389
37236
51893
53381
62616
79148
96358
82977
29087
50602
54382
97653
91207
46587
96045
19902
41713
29425
44340
40737
83179
43440
16155
39196
32530
97156
81186
76472
18146
13743
55522
46971
24349
86465
37262
35353
28180
73471
60844
56779
13332
90150
48938
50328
62319
92842
67454
46703
88582
55447
96255
70103
44817
78744
37241
53854
37771
94581
44593
31245
11516
83351
16694
44925
10564
77351
31808
90658
62753
59445
11048
31077
53598
31573
63170
72400
35608
17347
55739
42659
87981
91335
91180
43043
55747
72883
61368
17170
83475
74666
90216
21882
49168
74747
94176
28322
88152
11242
46942
1475
26038
30192
69134
81140
79696
3641
54189
63202
6292
44843
70712
77660
93082
95398
8208
76394
4534
73095
96204
58141
3966
3206
25019
5345
19954
37632
54453
65328
51724
50703
95516
99040
5637
51444
28148
99260
15968
90583
2236
70513
3768
93542
23817
74142
96674
4985
30846
64303
75326
22070
42857
79299
39872
48303
61692
45800
35733
26185
82631
425
8212
79512
90959
57438
64130
84294
87085
38561
1602
73619
64325
90689
65399
68439
85377
36111
93911
88386
53866
98902
34351
78020
48547
63464
96909
9832
35938
93939
25998
63707
91211
98706
55716
85707
90058
27551
95106
19786
12909
21927
43144
65586
97852
26166
94662
18274
74998
96977
21839
96359
41193
51107
65468
97366
20653
87599
67513
61973
31934
76356
55056
60057
38581
49071
8144
96906
75938
85705
80921
97987
53095
8817
37255
16950
83443
60405
47353
14316
65306
78986
11837
33066
9358
26331
41882
76591
573
47229
99289
7226
61606
9761
36304
1704
60696
33571
40172
24219
17386
93536
55643
55254
58769
32868
74708
49508
1441
44929
53091
72665
4386
22396
88021
92048
7278
92897
28668
40372
76933
38902
62783
25243
68430
94413
21890
10923
10602
99059
43405
42080
82838
36070
22555
39622
23773
11844
16514
8641
60439
71102
81241
82028
98723
73419
58443
97150
58076
36313
21463
19688
11450
2270
62305
65851
19624
65101
38521
61255
80318
16996
2854
93023
50843
89281
27790
36152
32448
75541
18597
79727
10283
66577
25775
62442
51311
62045
19539
90231
99117
22727
83263
10800
55089
85625
66194
55136
88299
4995
65962
11168
79623
61911
35563
10138
24236
51380
17448
64175
10766
53466
59409
88532
56177
78365
18201
91094
42043
20372
57154
25726
62067
82576
50087
91504
7676
23882
61894
43821
23976
31509
43433
95865
80859
72371
31312
15415
55262
63332
38268
62480
635
96824
83386
14802
61020
98822
57546
60981
61371
88949
71499
24569
5893
90839
85700
1899
53360
5430
46834
70598
31317
97863
35049
822
2380
21787
24649
4952
76292
84307
19903
50174
86619
40148
16532
8079
45088
27312
37590
75850
57314
100
53409
22378
55284
51137
70602
13253
53985
481
95048
33167
35334
83003
43295
64541
76272
658
67114
89923
92434
68935
35332
59134
31362
50063
94068
33069
43121
72896
56563
55962
82918
81957
66298
77015
6487
56304
91021
30564
71139
12879
25022
41516
22094
95351
79647
91951
22009
8669
96200
91707
77853
32196
59233
22003
45188
81008
45740
31698
40517
61881
56787
51208
38810
53947
44809
99331
58687
56586
62176
15913
25993
9763
61510
11618
65921
32190
63100
15282
35196
25504
8278
27364
17624
68940
51656
68258
48053
81593
95090
34848
34221
35455
32330
81401
87281
12171
17411
65298
43618
35122
84247
61882
58889
56451
31286
92307
66675
87476
97867
85706
67789
75166
24487
65633
36952
42821
43437
75823
49320
11695
94361
72541
23679
68535
62830
31089
8641
87993
96634
14855
15315
91053
16264
2107
22933
241
18273
14340
4346
31646
77088
88538
90688
36317
97073
22328
26864
62546
14213
77916
70835
73718
28085
31916
6350
45987
19089
40723
27196
80169
40420
83080
87143
33694
15397
6479
10051
70129
87196
41817
89255
37951
63822
45831
60393
44223
6792
77196
39028
60248
66500
61936
67688
89170
34075
84720
57999
41833
94855
1411
34231
29374
15699
67128
79921
27721
47010
95259
65765
96521
84857
60246
78640
66331
50890
56980
55451
73321
82526
46529
44345
95545
98046
5325
96061
40359
25789
91535
82965
59597
39301
80614
11431
76958
67677
43739
50022
38738
72693
5122
16305
12251
6158
99680
88840
93815
28808
24838
16972
11390
83048
77243
44306
21467
35654
19832
78756
22808
50353
93740
78132
20914
35807
82240
16702
55403
40405
22517
44921
44318
27280
25065
84441
22669
90573
81913
90212
49622
18107
5376
22446
14340
31803
96702
62484
96194
63505
50996
30386
95498
13354
67755
72545
827
66985
72276
72337
12074
35760
13290
7902
43535
75751
49651
84946
75264
16076
64390
48599
572
75160
10151
49175
1661
95594
84014
21490
42192
36850
485
84027
43713
88348
95952
78832
45935
3990
24358
82868
26302
40064
318
22794
35756
73583
85765
8784
47419
56222
61004
470
72013
78738
46782
54649
83438
18185
29775
85601
29163
82654
56496
93875
72416
62331
87262
2035
70031
51259
27100
35130
32717
58298
45045
9744
77782
90620
93059
70567
17345
18327
43245
3539
53646
24671
61290
28297
11675
32396
35525
36019
24502
89385
26873
53838
44941
82267
28923
94848
69089
17420
96887
48153
19673
63123
61107
30213
95795
89346
63440
12043
34901
63052
16366
8485
6274
1233
24111
11132
79528
41575
18004
30047
2165
1990
84067
28608
52202
66512
55210
4843
42664
5148
85149
56196
62855
53374
54364
88284
75654
32084
79536
16015
63036
52239
26836
89789
4397
87100
12304
4996
26616
28622
16640
76534
66221
34954
9043
64188
59932
24847
47311
82567
71112
29088
42034
85006
39643
60079
82356
61321
38803
93543
17864
61833
97082
45462
63041
44850
30675
64629
53681
62294
10480
5462
76909
93359
65505
94313
99852
45496
90215
70443
66542
65288
1126
1771
23610
36077
44056
43706
13375
43297
82079
2287
94492
25899
9395
28596
50811
86805
37049
41232
34423
85445
69652
2642
51391
17659
26741
99510
11859
35302
42670
75032
2347
90787
30469
14898
20887
25747
95044
75411
21313
48279
21357
36607
53519
54571
35370
18141
44068
56572
43266
33249
68614
23175
30856
99382
27642
94320
25934
30567
28043
23772
2775
36138
69994
15723
41289
39561
19792
66901
67361
23983
47422
79424
11681
51212
3717
33019
35748
19589
77602
10362
16530
57915
14913
41935
44303
97526
71874
4641
45518
42381
11897
10284
55236
85
41295
51477
96151
85348
28231
56455
30260
94080
65147
74479
56767
89129
92323
91888
85829
8704
96727
44644
92334
57011
69613
94161
65007
15814
17692
18531
69787
71647
57697
81387
86393
15309
21246
53620
48049
47574
36000
36253
90529
86524
40794
31256
45932
42668
96173
13695
35313
17795
9
94701
72633
92124
76013
79904
25706
28058
70634
57961
98777
92655
23366
51853
73436
25095
28764
8732
33277
64340
43680
12587
96171
26230
70240
27856
45803
99590
84582
73242
35307
44896
58875
56170
99799
73483
26534
87057
55813
23527
57777
65704
53258
33009
7884
34566
11696
90613
37803
64162
74495
41585
71530
81829
42551
97730
91345
24746
84864
71054
30387
61430
64889
33357
82992
94638
7917
11348
30203
41305
93859
11231
25845
99795
43476
89179
64120
60938
81592
35149
55280
409
54073
8098
39267
80095
90121
28212
54162
23227
96560
39350
76375
95910
92125
10813
78894
80109
17149
64491
21937
38442
62314
77240
731
20702
58
51007
90798
42733
51769
87810
77615
13750
93873
20283
7599
71725
965
30977
88869
44118
18749
1875
68119
62304
69244
78436
39896
42236
89101
47715
90027
29817
1308
38725
30117
16798
15841
9713
56113
51715
54583
13832
33133
45260
72586
94992
57937
32866
52335
61819
42192
44592
781
20440
93142
25911
44025
10518
27378
64878
72417
50928
43534
79450
48382
32794
3865
26310
84460
72967
2373
58943
83317
93428
70380
30767
69641
30484
68461
84564
54538
52184
48021
53339
21636
32218
48121
8574
39930
6215
83360
7096
29499
84552
48829
5089
79028
34763
6553
61099
49855
18163
65935
59191
43512
5464
30417
84628
42896
731
26473
92021
62171
73483
33817
62126
93669
66029
99844
19691
68801
82444
34437
39565
18881
89309
53213
23650
24065
64045
31435
45152
1598
65353
78163
51229
91429
92394
68801
55374
16549
5147
71686
62426
4166
59944
59329
19322
97555
38501
92442
66832
95955
53528
94311
62145
7766
83044
48753
49777
31467
66642
12081
22201
50318
53790
98036
39719
64989
46364
57758
60466
88364
79078
59466
39767
43663
29923
58383
30774
2837
35445
10015
71459
35956
19294
92265
87817
40223
10288
21310
11361
57844
3504
44369
25227
94225
43782
7543
76615
45255
92932
89005
80339
28871
37713
34873
18337
52921
31152
63945
42515
66828
27826
89304
82486
69960
38036
80111
69400
88382
94262
3304
56552
16961
13594
29933
18857
87758
34741
58847
38642
30502
48789
93235
80613
99900
15343
65014
18634
38186
4580
18002
16359
21022
69167
85864
60350
91858
9806
66973
80067
6457
57034
51922
23000
94389
52004
42667
1768
81190
24894
31409
95228
10013
6020
38226
42653
48718
25461
31270
80071
79588
68370
48365
21925
3150
78497
92180
40687
61527
9982
1719
2045
51412
60351
23520
2375
33654
51842
31149
63739
46015
89078
59120
79801
93873
59555
80112
73230
88802
12439
90508
19851
49932
71437
15840
19650
76736
22972
7392
21341
84987
16825
61217
87355
22801
96394
11831
97927
90406
42921
96953
39190
24124
14545
65505
35197
15430
12103
11503
71597
21626
5800
38317
72172
37829
36331
91822
60241
10777
33203
42607
78044
67074
56596
73663
22959
71158
84735
15067
60973
58090
47051
90642
29838
91681
36610
70823
93244
36927
69445
58997
77549
61436
69853
35565
93597
94997
84223
8154
9703
48796
38395
79718
52479
11151
59010
31381
71728
9190
33681
46703
89613
41510
60958
99996
91126
99635
50558
39943
48585
76866
66032
12133
40418
70220
55914
4271
85233
89790
85726
70122
5271
38029
30408
29320
69020
40391
62967
67623
99567
53157
42421
29880
18939
40253
83093
74170
22371
96212
23384
85765
30202
93361
11772
38210
21889
44716
29762
72343
77310
3141
10170
41697
40693
64337
67757
11322
9382
96910
48967
61210
43778
23672
32959
66297
26315
59893
13604
89138
552
73226
81797
62468
85410
20049
38301
90194
3389
77154
3578
2090
99734
10606
15177
61219
94998
96298
23007
67359
63120
80712
90982
52336
38653
5602
92034
88727
11793
67632
78079
30823
21593
30841
14521
97960
63444
59877
64552
36952
23531
4497
44998
2187
96814
43292
52925
29331
8845
85982
70098
28604
54287
68377
65832
53518
9331
85639
6355
4373
91713
8435
26330
55997
50699
80612
87336
34390
40453
78611
61807
53879
7550
49661
54169
5183
29850
49364
51308
58167
73550
29841
84249
49972
94872
86020
82018
55352
77624
16268
9702
7384
67438
16545
54954
19928
45585
32399
37829
38674
29609
27293
39944
64789
24907
96523
36168
32234
71055
1723
26249
63858
29326
51685
94377
14188
26973
11054
67943
43763
85153
71860
74286
29379
92814
71136
88577
45308
74304
25214
64645
55679
1813
77000
31269
33493
22533
9726
57766
17711
5471
40850
19849
16520
63617
78496
68214
20487
97427
81051
77706
79361
77505
84003
77504
93723
65811
27218
66645
12653
85835
19925
32923
82369
87739
17144
95548
86523
18944
6522
83209
92115
87742
12896
86046
51805
410
21957
66291
61418
33742
96815
58178
2759
5708
99773
82127
9699
33363
61756
39833
55503
13639
35897
21404
99069
74128
35249
24512
50955
24945
69636
77986
73913
25122
8327
2109
23573
73293
5657
8501
47800
87074
14318
64448
54826
72375
53831
24593
66656
89568
27746
57537
44390
77254
53261
3964
7223
34247
5558
65670
78089
76139
30398
57032
1446
49918
14061
45883
67188
5838
26943
64240
5430
60163
67323
54809
22892
46102
14404
67671
86294
5327
3368
75681
77494
86047
6294
72814
6034
34358
95596
78304
60216
4610
11151
84557
42941
63462
17108
46027
5822
92082
17275
2295
72776
35012
9691
85058
98130
53243
22968
24760
60456
62036
1937
63150
23587
24643
26070
94247
42899
72464
32503
96196
18782
44427
19672
3846
93763
42477
85217
83553
96311
86221
37233
47967
52177
36475
72018
64077
46305
3356
46183
52326
94234
38723
44226
73818
6257
87689
25171
26171
70013
29544
50843
516
22110
39834
86527
14919
4603
96840
68215
31761
40035
90514
84485
67227
60149
60987
5251
92400
22395
26605
34102
79382
85521
19600
22399
98971
25956
66
64368
64414
5589
18484
2076
52278
52508
3617
70790
67683
11370
38796
43643
82063
47815
85109
21948
58113
377
41207
56884
27454
94822
12129
74280
35932
9873
34927
95500
58276
70496
66308
94066
69059
39614
43590
45501
69549
88476
12758
25044
72143
12371
54507
62962
57264
67941
57962
35257
1858
35809
44996
30343
19211
70149
7436
55937
5867
41821
42419
74669
32777
96073
25602
12316
56030
71261
61588
17219
11390
38179
21549
63338
51134
18267
39898
27581
27078
72002
76678
59489
21269
65200
73815
78849
85099
54427
67811
91654
9656
16089
56434
23557
52798
67811
83153
13938
95749
61910
368
64210
57499
2483
26457
55726
81189
60005
2349
34659
29351
83714
93149
69783
33420
47819
13698
18950
22611
558
84985
52890
62422
21483
19582
66713
47992
16115
47140
21624
48106
68876
79215
70893
61881
21969
83054
89283
10520
22358
41144
14343
24326
49194
88226
88383
7708
70965
18362
54617
30357
96064
65827
93857
27226
5748
20237
78573
34057
38075
11216
77331
53569
60163
72325
89178
69517
22689
76577
73933
77707
86386
34031
5964
7447
4956
34729
10301
52824
10931
44883
28576
13991
12983
6644
23808
61976
78523
19761
78532
27015
31040
24360
46470
44256
11808
71910
22619
5162
27655
73477
305
93041
79260
96870
94871
36974
14397
18727
8917
76374
69480
7041
96765
51516
3830
50208
18617
10595
23361
11167
77700
45093
22183
38976
98741
60185
84359
10950
48661
8804
99783
63087
89554
87870
83960
33040
15244
52832
20242
42671
58316
71527
42137
10167
62741
27112
41441
87452
95250
55120
75149
16428
95247
38166
61042
29997
56484
52800
32891
3768
64172
45135
3398
63922
62516
24712
38091
76067
19214
12159
20189
3157
57573
59970
90921
74731
38987
7999
53947
62011
76463
44755
75776
68042
26442
39409
77255
26818
30360
10027
47104
78962
32579
25087
58822
1858
827
77249
61753
69170
61027
97857
85571
3374
35301
14713
16189
72240
97093
6166
38218
1202
69330
85856
93313
14797
82169
26247
33960
65300
75380
68588
74011
79206
88896
66793
21196
20244
78316
20158
72645
38032
94669
27481
72393
56525
70606
84481
34808
49881
81317
64895
50193
46068
99425
92522
50258
22475
27295
68941
28154
85302
34268
82455
1520
88010
80933
86847
83197
94587
84362
21522
30228
2386
39377
69723
77265
71111
65382
52685
6495
69371
76432
99344
42868
97173
42463
65413
53655
53463
10658
75896
39554
82876
1173
9377
46626
6992
31927
81943
32795
13772
15641
46962
34409
78924
73075
8411
16545
29071
31120
77842
15542
65355
6250
78268
28343
73930
95249
80231
48757
41317
41060
55515
6275
57051
72706
39070
726
58222
59482
38916
5996
65850
94430
97170
36936
6674
46518
17869
50363
96730
25169
19524
84352
19899
84534
39671
56702
69542
27737
37122
21712
40456
73130
43978
20096
62214
52039
72194
95887
20726
14033
84218
9074
88473
22588
26341
90967
81945
39839
49318
48101
43066
56236
14935
60609
40192
65786
69621
49773
25150
72509
37995
80523
41878
4599
16857
93823
36850
56680
24640
32018
12189
6337
65581
19443
58494
94807
26720
60503
30194
23442
63224
47810
59974
33669
2654
50718
99502
64760
94858
37256
12165
48193
24757
83146
11169
1681
30172
17410
56114
97546
97069
2978
50103
23662
20274
21425
29852
63891
73911
55439
22068
61299
39993
24373
87952
89760
35373
96059
17817
23029
54923
64083
2991
85703
10869
91026
59838
1274
65415
53487
44410
10768
38941
54660
43640
98524
8251
73490
61576
65301
94909
6337
77298
18598
51068
676
9196
11234
3322
26331
87509
64405
40906
81906
64401
35605
6527
91783
73538
41271
2127
87049
58975
77150
96035
7419
32275
2607
84734
41208
90293
44672
91239
50353
92640
80974
44853
16562
17198
11054
97623
39362
22326
46459
9949
79113
90238
51246
73638
59916
71711
85932
27142
14547
69940
61657
63156
24940
36894
24042
68494
61673
96632
10008
3049
73252
61457
56080
40217
79170
49963
9416
67992
43541
51407
31724
53783
29564
91371
30998
37951
21254
91434
26524
73282
3507
27758
56900
58691
51227
59532
37170
67807
26471
99779
21442
13846
60669
33691
41456
20346
47162
67030
36820
69427
41176
36630
9708
90188
79855
6731
19922
49214
39064
20919
80813
78358
60716
23328
30307
55301
57547
26416
90251
83877
43288
23917
87424
92419
41953
96400
56498
32302
34685
59300
80919
88762
76366
2269
51167
41200
86118
87955
74309
65782
36614
88025
96737
37142
50818
41150
40698
75854
43040
65184
51065
57460
32415
49415
84025
95524
23124
357
57082
54215
65583
80648
6388
91041
3676
2458
13193
38008
91238
39702
49171
50780
75990
16678
58717
59191
25369
52349
27726
53042
59743
41742
70463
91073
54720
83079
95118
89516
16185
38030
97931
86427
43572
18007
336
29406
25093
37439
14925
8822
35249
17224
48609
12835
71466
70993
47205
86923
2293
64240
17890
83172
93164
96719
54755
30750
88990
94913
42981
81808
21076
16671
43050
90141
11024
32292
39789
25731
64142
22081
23824
95328
22508
26781
17362
23777
10086
50957
48028
84968
4858
50028
21658
10937
50922
25207
37799
25281
40735
59464
90720
89508
87626
68332
27675
4737
54535
15779
23089
82084
88155
54132
67286
17513
71100
38027
60650
80904
41391
26768
69703
57057
85643
80324
81755
93892
54109
57978
47472
61341
34950
80048
67814
85179
32031
69449
13570
57884
64509
44233
99455
11991
71470
83788
20227
85317
69955
44515
88845
62572
21512
71884
6762
83242
42734
51149
92423
10490
5898
51404
86305
25158
89399
33902
51128
43306
16982
64650
65026
7136
43414
90761
84476
51566
21262
17597
18010
91368
1862
38075
8672
77410
11958
87574
29289
19255
37254
31993
88100
18895
46517
93313
41088
38192
55510
49269
67164
356
31604
85667
85504
74339
51702
3608
39178
41405
95229
89083
10753
15942
88650
33190
19110
61566
83708
42530
18472
65244
86776
61311
39542
22870
32641
37677
90287
57712
72487
72602
69909
80959
57052
21639
5792
58680
35105
43785
33135
39289
16511
81946
77562
65844
6033
17817
6659
78388
88575
18436
28362
47597
43718
11121
13695
90341
6931
20644
38547
47608
7278
63919
36135
37676
64627
51820
1990
80915
87707
2992
7631
1750
93049
69037
67690
38084
51457
92583
61659
90039
23299
39792
26356
2847
82325
46211
12101
44429
39150
38105
67247
97758
89519
2411
56439
40546
28476
64260
14070
51528
49224
36098
70028
81992
5231
34730
79604
4908
96060
81701
59379
11420
59019
75098
59882
7365
70633
7177
22092
23525
57431
55554
63081
31861
48686
3840
41832
96563
58236
51365
94259
21003
54412
33650
90092
94786
12452
53315
54398
5375
46248
50502
64046
52374
79836
22294
36400
27378
85606
69816
10038
66655
3954
44881
44451
61937
31759
9826
26078
18932
13558
27905
21410
90513
31147
96373
41970
14073
27964
75949
23466
23697
49127
47518
28464
27739
39577
49208
78666
45597
95024
8227
65769
31407
44289
88059
64002
49542
4854
10949
16286
42617
2095
73069
30727
84588
52521
49694
68259
6721
98173
11997
52285
92375
27679
65762
34814
2844
56582
1907
93307
79223
66187
39935
36200
20811
68459
91412
30986
79049
51719
23486
8426
56949
43019
45917
42182
51506
21259
25665
4193
97101
11848
18917
89403
14787
27090
46789
65627
43344
12232
84413
47368
19861
75964
54591
10135
11941
31186
81233
71391
39532
7142
49025
81928
35484
17772
24869
86050
76598
6259
19507
38386
84178
86755
50074
27879
79883
21638
71260
46763
14953
73027
71720
92757
99404
29413
57400
41339
24305
98330
11876
9796
65893
52631
55008
10140
64676
31641
71545
96321
90572
29702
11655
39354
56707
82418
80272
39239
61729
1918
24986
4211
3868
45338
63370
98662
14286
63403
32605
59255
39013
65224
22497
90879
74119
16190
70866
84456
67903
99028
67693
99333
88872
38985
49970
80219
28245
6648
89211
68925
29403
86142
18771
62069
88988
90194
35733
80926
21009
9747
85218
67055
79731
17664
53438
67922
55782
48832
6952
66898
83042
4961
90932
86642
78751
96510
28263
96507
70268
66458
88078
22510
39852
15561
32796
17879
222
19790
16606
39394
77448
92383
37404
56263
22415
61029
80430
85697
64790
54239
70840
45661
33504
23014
69252
1358
24803
19722
61467
96829
79564
29084
71359
76925
77576
39365
31144
77373
44950
21331
11353
59510
51655
67732
4990
81668
83183
28539
92101
12114
16203
48000
39126
80750
67278
11332
35951
59643
18442
73586
38881
33701
45624
78336
79073
86224
6212
30869
2763
84809
6104
44357
16762
5534
80226
66391
57565
83625
24261
23047
48822
62343
40825
35400
93876
54471
24032
30497
97931
98271
96775
13304
21229
12792
86900
77293
33287
94121
19762
96957
5274
58017
88279
66343
51861
43422
41326
76106
62476
34170
81477
87021
4983
91845
70101
35129
137
79310
39401
39489
39018
26523
69070
77602
5108
47833
17878
81029
17767
39181
23976
16929
82377
57384
88295
72733
61981
89913
44573
11635
12415
3484
79013
40656
94362
78096
95026
5208
11590
27015
40863
13479
18401
6038
59923
52370
76521
19372
85008
86508
17427
54208
46297
58245
71531
90371
79198
13356
88840
56692
21125
74932
16779
95442
2167
31829
11636
24044
69828
47530
35521
13172
97139
23384
22340
82163
58122
81102
99104
77302
18999
48871
82688
3557
28793
72620
50644
33620
2350
58807
62921
6291
59545
34931
13091
19872
783
52287
75225
50268
38719
49201
7694
55835
30268
37239
25447
43253
16808
80280
44270
98170
37726
53114
20930
2082
49660
50780
73145
74241
72971
31331
63763
66586
63885
48595
74908
4971
72706
83923
18973
39686
11191
627
63007
22335
91884
83337
58078
49729
44863
38038
19558
22748
32794
84872
78253
53753
44054
57560
43949
85038
42827
68372
668
75276
2837
1559
7081
91701
26948
45876
81524
40140
72960
70514
79595
13669
73239
35185
81405
91067
27589
79403
89853
93664
39423
38357
82933
2735
2556
60260
16516
18909
12832
80749
95894
35790
99334
22757
1022
37540
57705
67943
89938
1298
49231
86548
53283
91791
61203
23636
68600
27015
42381
51290
96806
91531
89984
76230
46478
58855
54496
20997
98099
37204
48094
90675
71926
97508
64050
85920
97456
2203
18212
33999
44779
4030
67127
42171
80093
75299
44338
40021
93699
25928
54635
6793
5718
7615
85458
41087
40844
17287
25144
47709
8781
8182
46651
97097
55696
67538
30991
34123
25522
8127
68970
2673
95667
56786
54091
76333
81677
94373
83208
48217
44817
20035
88532
74619
16032
60291
65001
53475
2434
32497
48823
58225
65063
21191
92393
41011
72408
63164
40752
74860
80185
66579
11342
28849
36541
820
55585
10157
28102
14103
10635
53124
59512
23228
98170
64308
31992
33560
29912
26935
43078
22890
70353
72165
17236
5548
61692
94327
56322
14085
25865
50982
12472
96763
28230
64306
58687
66054
34029
9406
32508
2623
83597
65497
86378
33079
26163
69176
47859
10308
61940
36862
73322
31606
538
32253
13192
30536
32458
50582
16546
34258
72750
76509
37891
41371
42819
24600
54283
35788
74465
1990
10404
82080
30498
84828
50556
13623
17297
25162
60580
58442
32465
91933
47172
63289
14695
16989
14136
44703
75813
55575
19788
96359
75059
52085
94159
44312
51708
86024
97847
29356
84050
4904
94481
40766
64543
15058
96418
60482
66826
81872
29727
15534
4130
88279
39270
13494
1450
53802
53080
79926
90465
90779
62707
28680
10797
63538
84399
6645
27043
48806
59957
59016
18389
6216
48663
80926
45304
14687
34160
79450
72881
96813
13945
71637
90652
51761
23397
57714
54585
3430
12538
9232
30388
78441
93933
74392
41646
89015
80344
53750
56557
95797
13338
39397
50749
58377
21323
40291
88161
12422
96282
16612
43642
76421
5606
3426
43667
48526
99765
96561
84327
79382
95956
71281
93423
55811
74732
11613
41740
42058
67613
84480
89101
35641
91354
69287
49886
6449
26656
85777
54637
73579
48916
34627
39450
54748
41977
8409
61274
96243
78346
97047
37096
24159
18330
32253
72393
7533
74885
86777
61210
72302
51
60470
18072
90488
55209
35154
53580
45891
36299
97261
78033
82964
78450
87709
69667
37174
81894
84798
43750
63747
88984
39079
16464
82179
70431
61561
46996
79756
5325
21392
51884
36711
57773
46620
33858
51827
77083
52425
81595
17155
66399
5273
64289
45794
51240
46548
24491
98135
57057
17110
1771
2179
84019
58055
98099
16903
40599
32392
91045
5219
35030
66696
15190
93849
36287
24438
17951
31824
17508
93905
11648
27957
52913
37020
30032
17691
30377
3693
30693
9283
90719
54596
30044
15479
49455
9017
62278
41008
73655
34190
84016
59127
32117
867
8429
34089
4734
40201
53250
46291
36919
76078
62093
61405
11668
14423
35987
9315
32843
59692
38533
7198
40052
95404
66158
47906
75935
59618
85788
56160
3730
24431
7112
42348
69054
88615
91491
52985
60605
25976
77919
96927
32266
61476
37624
30047
17468
80624
21085
30749
94656
46292
18143
91532
89555
81811
63893
88904
40153
22885
18696
71261
27997
45168
61890
62693
17477
99670
64654
58702
37232
4519
88140
66969
40495
39062
81684
48479
66078
7433
62756
63374
41822
22859
54375
75281
68144
48348
20932
84302
24047
67848
38752
34057
32298
78868
67729
59878
29150
91540
14113
88012
75052
50682
82523
81509
70876
86090
90005
70113
24429
84073
10873
38778
18327
80915
65586
20210
82687
84779
35504
10136
17399
4557
54167
72042
26864
34431
36586
28564
35452
14695
83184
41879
61988
71286
42849
34053
33123
57026
47
40617
14654
37809
93171
43267
74656
5553
88178
57105
11701
99140
17420
56585
5379
10489
85922
44835
3105
39798
10241
85075
82069
85777
80175
11379
21261
41502
3633
8576
30841
55843
8854
64571
49859
97511
77956
13072
5805
57544
54269
71059
11718
79276
62637
72646
70312
84176
339
62455
96721
97436
87402
15846
87867
65015
82995
74149
51962
23223
23424
35096
67122
84432
28447
41627
54675
13006
28417
6083
6418
50686
14982
59004
69349
72678
98567
51730
16762
7509
82816
40236
22836
79125
49784
18610
16964
83421
13134
64815
15168
60067
48706
24401
95330
74383
58941
64941
90368
44394
10461
15232
40835
64309
42401
83089
614
79286
58318
67314
74349
98797
16540
74341
52031
71046
45344
59898
93218
92423
88150
30422
7410
3432
26698
87248
87709
27586
13667
54518
77310
60000
43085
54636
75540
32786
58914
63604
8542
48129
94869
94793
40245
60029
51418
4869
23814
3441
1301
41635
95210
30584
76221
96319
97924
80585
10765
14457
94455
91150
9191
3768
7553
38867
85925
91147
99480
72089
79806
18698
40864
68682
87697
50684
1286
14886
25168
95794
987
14236
28908
33104
26352
94517
82041
15148
427
46635
51199
74191
22500
8439
45692
44632
54750
78119
87577
14080
86661
17934
50535
92696
24224
17013
58517
19918
12115
57327
43794
88015
96053
17355
58009
95654
72
45122
190
91714
10554
74768
91187
90262
72055
35232
32119
58618
6889
8640
69212
99407
30253
80852
44435
80256
11059
45702
28534
82244
67410
89019
48818
20192
38501
52160
46991
7368
30950
99779
65246
78374
10534
83198
31806
1139
41926
1199
85354
6403
47317
79139
50722
30366
37222
31088
91573
8328
4876
28546
33864
10369
32021
38413
40134
53512
77665
55841
38883
13179
93758
59868
3982
58874
72226
65785
24211
16330
41635
69190
92395
54293
56694
52307
83233
28878
41634
69606
98849
12050
67392
18220
35294
50858
16146
97610
54784
33421
30237
64081
25545
56707
19268
26128
84291
53668
45634
10307
90600
6302
74212
5258
44653
1014
32416
49236
54955
90565
31318
41498
54091
68452
32994
71304
15150
76771
22875
59094
85014
86098
45100
38453
8949
23075
59852
82052
49840
50150
11195
36770
8847
4244
25787
32030
37155
52296
43432
54987
17877
52583
74966
70095
84903
7744
74247
22746
74153
72111
8069
88500
34011
21083
29186
3855
86906
12511
91849
63228
98633
32358
84832
21465
27804
41359
40317
39976
72580
14032
53474
12667
42514
77623
62582
69963
3402
652
42018
44039
9734
6258
47204
28074
29155
50412
8883
10789
68588
57628
18545
96604
52962
6663
52198
93901
58852
12244
53950
18506
44641
45811
14273
20168
57015
54394
64618
58576
89350
54155
3815
14354
47159
38321
96300
54394
3779
30249
66932
95099
32737
89726
30038
74759
83951
8684
24864
52192
67291
22854
78034
59433
62799
53139
90713
70134
14328
16147
2566
34307
90001
50560
25931
46464
70353
64304
27121
32201
23853
20918
65817
24179
97419
30536
10893
51042
96676
55259
56514
16728
90933
33962
78253
96617
5379
56406
92447
92586
45608
57447
38238
85799
45758
96881
88385
23731
1767
74066
23751
8026
12119
51191
97589
11731
99774
67582
6570
37009
6358
79511
32033
35001
22053
56387
84163
38093
79407
96639
68262
87943
56156
3578
92741
31170
12417
64705
21661
57297
67470
36635
51554
98035
53619
976
85596
17086
70960
20390
53985
49656
67575
76387
16592
28485
2080
72534
11207
79675
10761
3537
43394
33777
25832
25359
84145
77910
76527
9555
30964
56221
11290
95313
40342
48374
47735
71909
96291
45784
35539
24897
36262
50267
2109
14949
12228
70562
63289
78887
80431
29269
39140
82066
15816
76301
51999
44970
42004
39656
1914
62509
58618
50524
28766
56533
70742
91624
39734
43643
86589
36614
60795
74133
52557
96573
43323
61120
21584
22835
81350
36569
34318
32800
45236
61316
64651
84893
62358
16112
93412
10139
2040
1298
32097
59889
79087
6766
9368
59405
69893
50740
94014
64363
43070
11686
79370
2883
60933
83544
21032
38973
27704
24624
32087
23424
97198
63821
84864
3944
37601
95172
42259
61301
59867
28262
17503
98912
20609
53981
63534
38249
47414
28917
64283
47275
44014
97783
28689
48113
71504
37201
59201
41410
29030
72433
10303
88696
98468
35248
63002
35023
3955
74155
52726
80344
57209
76845
58664
62605
58951
68233
66541
34463
11103
96354
68839
19275
33055
26285
32214
57195
62030
30126
77454
65576
63010
58368
21050
48461
36684
43601
52174
85560
70145
841
75041
98249
51589
41291
5327
97501
96662
8435
20873
31316
14834
42720
43479
25134
61542
34411
6060
32276
15605
49653
8612
9683
93889
20288
17181
46915
83001
9876
17006
9477
15998
60705
77352
40876
27987
69476
61576
51123
50178
17442
66294
69676
97893
14897
87998
94872
10391
77846
6953
55410
82872
91881
97622
88517
26102
50517
71738
22686
45311
69852
77841
70941
90880
66200
52575
53285
34584
77051
86856
76243
84702
5208
56808
59339
83883
79610
81265
75693
34822
14930
1599
24679
73803
63246
49529
72676
66870
69957
2310
78626
37298
85583
61384
94401
67545
20369
13114
15831
56902
42966
86402
31745
28959
29177
66291
26388
77080
31808
59203
59506
838
39874
64035
80056
44322
87208
83040
82739
70389
52081
67924
93138
32198
8144
32362
90583
36637
89713
80685
31592
10547
93593
86987
48962
29880
99242
50155
91245
5601
63589
26440
86218
51500
26954
49673
93512
35953
33979
11391
54422
43815
75136
72762
51347
68879
771
11496
1474
5665
18683
76587
72858
88690
15398
34774
83929
83391
61678
1092
84632
80248
80783
79925
22489
13996
54543
31909
1693
61260
88075
96107
87602
34847
77043
53099
81321
77218
84332
47448
70310
26041
2484
43562
98961
79095
92706
96727
49578
56070
60490
46386
10585
63699
92640
15261
85443
54745
23765
50027
50009
42312
20669
77111
21034
77329
69329
76730
77432
50130
92239
87661
67048
51641
1503
49852
49523
68598
21169
47651
31962
52097
41250
39304
80086
8197
51070
95956
76429
58952
42527
99535
64833
94936
34355
92087
54466
73171
21051
38205
97956
56914
96752
35868
51403
98388
14049
24855
76322
15235
48215
99149
73836
16357
14105
41115
91730
85346
99467
89039
88666
21708
51345
37573
69816
15055
47314
23136
47391
14039
52696
35718
46032
17721
61075
79576
9619
98879
74365
95213
99651
11603
23800
75850
87556
2950
99540
31776
83024
19006
83661
61698
12366
83674
83728
94273
61124
29059
47998
99973
16131
86546
16426
27467
44993
86616
32028
14902
47045
23437
8952
66963
5178
30328
74360
35437
90054
79864
27638
7465
12373
24749
72454
64415
62798
11014
99168
19318
99751
60712
56507
63131
38388
88279
68053
65886
95163
44836
56623
30697
19843
67283
69109
75421
28811
93480
5308
37834
63351
29870
85507
12459
44388
37955
76764
55005
71229
67076
52580
81626
38854
47632
21902
14517
92598
41787
43614
33364
90434
69938
20976
2597
4275
82117
18009
83007
51258
75030
79558
5366
22682
40413
23873
21370
84131
15765
9170
76429
66111
15751
52705
53279
55589
74320
13625
15400
86507
68466
94952
35713
3737
98772
548
79071
41593
61239
48712
59277
47882
10902
37179
83013
91923
55128
75345
53834
80084
89302
9355
12005
17145
31043
89658
84954
1608
85565
10497
2567
69625
13231
11672
29817
61221
66368
12589
32106
34967
50844
5765
8891
28128
25724
92960
24233
88519
96116
29978
45231
25116
46362
9965
6968
20525
87374
51444
10880
54290
1930
85707
70150
53123
25319
2098
12816
38154
4041
30864
47067
72979
31209
33972
28
66720
97981
26039
7704
13816
51621
26269
76893
11711
27893
35643
85659
96129
25274
27858
45283
75944
48331
91257
51386
62670
9998
44249
58041
92588
31651
53521
24357
86896
91345
50874
73446
8077
94699
10981
32454
87501
81631
46625
15175
66945
20347
91544
69665
42233
95932
17817
95800
51726
35636
36528
82390
16957
69111
65009
47082
69807
9090
82293
74972
3699
6249
97339
1035
58733
60892
28335
42022
87431
21589
46504
79203
25381
31008
1386
38751
85815
48423
91372
64595
70120
37113
98997
18703
69972
76055
18240
68725
13718
29083
22142
93269
65598
9509
91738
8673
89442
76643
63799
27020
15340
56860
71670
30052
32657
73657
4148
12872
57697
28496
6096
33736
67674
17903
63658
97368
13559
27010
76615
24720
28902
7584
90353
70787
92471
32024
31420
50458
76241
3540
86883
58605
69823
26119
56304
39549
52391
22744
80186
75088
12314
5579
78153
56522
98055
77576
78261
4613
78315
8363
40652
6189
37027
93479
82547
58363
47266
54327
30468
78059
98365
98755
3701
63868
94244
30091
62041
31459
3787
59667
21536
30028
6919
42155
89498
14831
98068
78426
86296
85291
25586
5799
8627
76866
63793
63299
78950
32816
27969
26902
53814
96040
91468
69412
71027
84973
50175
3804
48822
53226
88099
54845
47978
25264
23530
40421
17063
49706
96229
19544
75801
94397
90643
15113
14623
8737
87539
33352
42192
28278
9722
67624
89528
28645
12416
92716
98943
29269
78325
39469
15595
34567
74705
58250
32700
4462
52201
69677
67253
57966
32766
96630
73211
24944
96815
76455
78421
75455
87566
73226
38995
92226
15376
61794
15563
88918
37374
60013
36767
19495
7017
94899
76603
60268
47131
42095
10202
21564
66088
16278
77704
45712
91362
74888
2081
88599
24588
93938
56216
98160
50342
54942
33269
86023
36200
73880
71990
77519
73354
37565
11094
51320
77087
34306
7530
31726
41378
2910
22728
43342
90537
65270
44483
13253
91382
64003
88753
29286
15181
45985
35885
16360
28255
17942
8760
44762
46436
76317
29563
65636
88584
34895
94279
69211
99868
18158
39805
8096
24077
99437
69066
40023
65874
39166
32906
47871
57247
73497
30990
36722
30966
13734
51320
58394
72605
55272
10274
81614
4490
40966
43646
89352
52571
71607
30712
47749
82531
80138
30424
34296
99423
64367
57284
49835
2310
68420
30146
66259
50174
2880
29915
23726
34028
182
39419
40732
17251
64647
77973
67831
9598
14919
6372
50129
96872
86378
7980
91273
33688
330
27102
19689
55931
86488
76186
49854
30441
33500
95919
44661
91546
44875
70462
41839
17777
34693
99805
64961
38390
20711
89559
75498
32546
75315
18736
21073
36499
44410
65703
42747
54592
16452
7060
16198
58342
52220
38000
80646
23744
40538
91444
33273
52405
7086
63226
58824
96972
49990
66368
59964
14042
77596
59051
43099
18236
68511
40807
28510
77440
85181
54924
21648
26941
64010
47613
65349
42852
53775
56139
48276
71374
3185
6486
78483
47156
48637
69427
21645
26878
81006
28712
5443
61555
45498
74260
5724
76751
59071
65645
90282
84819
37829
82337
42139
88181
87216
70398
46616
95864
74949
61485
9054
2839
37910
44536
7350
60699
17004
19981
50515
68269
99728
81786
67912
87396
79318
47480
99043
80863
52422
36741
9226
37167
76840
3177
58385
99628
48012
64570
72692
34184
94483
19163
68119
97568
51037
26207
72760
83534
14288
15787
36653
48860
88257
45530
1696
18739
39427
99194
91428
52049
54377
19987
45394
24985
8889
2728
24741
5860
54896
1878
26318
99542
32460
67481
42516
29996
39225
99822
77163
92881
34747
9555
67344
15855
51637
41643
42271
47330
51924
38654
59026
20232
57148
55644
5078
86357
52812
91906
15787
34115
37040
16245
89304
74695
48867
75596
21768
14015
81695
51978
24293
41767
46243
99656
74831
25194
16063
76850
86617
51382
37247
64904
72641
37448
96818
97540
26826
84967
1686
22267
75704
35884
7393
4156
13127
28319
66958
88758
76583
86717
27651
10839
82168
30613
75643
54574
43327
48946
99573
83282
13090
84466
40151
44539
42022
83478
17184
97678
2498
25170
90601
35223
82207
54052
40247
93327
34543
99713
48769
74044
65062
55019
60984
33047
72186
68543
89079
85865
7155
55882
86344
12527
70062
5948
46289
26269
90196
56213
92473
63615
60722
78651
66683
63386
52404
44814
64838
46641
14531
61362
48270
57443
70681
99820
92883
95953
56925
82600
41579
80637
92543
10199
24431
55983
73265
62070
61791
1393
1567
39529
19955
24762
85389
46246
97503
29640
32396
94318
11777
18022
54969
21303
96554
57645
1298
75748
46183
28167
50262
67638
74380
20910
63128
8827
6972
86163
22846
77765
34167
82843
83708
55894
87776
24292
61961
47703
30793
85765
43259
73736
8221
12755
38628
3345
99242
80384
76552
33847
71402
27197
28089
84107
96076
58721
12881
38780
29668
4194
74411
78989
85259
46495
35615
61889
16468
85376
95288
30258
43501
46901
78068
38112
73038
28668
99735
50759
513
42174
19660
59978
68973
80824
44986
98412
76865
29048
77214
69309
15386
61085
843
60369
83633
41985
13306
12108
22852
19379
37007
56090
23903
65564
75435
79995
97191
21892
63144
24155
73827
3661
90452
34272
24935
93788
49612
51037
46750
20376
26100
86115
45843
19787
91761
36214
47260
49445
50948
16926
55716
10272
31619
74004
79540
34207
54773
77788
89533
51599
1481
90131
30212
99663
73747
37117
40234
67276
24293
18177
21303
12005
40774
23889
78659
36302
5394
31169
52928
36559
48494
68632
75912
4524
10502
4580
41726
12864
48197
31592
24163
67554
59023
87761
55128
29770
39774
63622
37003
51021
90616
21277
64096
58307
56105
22667
73373
69002
63746
92595
57714
81667
96622
24960
69859
97339
35437
58606
95891
99812
12399
61058
85903
92993
77198
65721
59124
11041
45480
15422
9405
64546
20984
91701
78573
85015
88432
18997
97174
39716
47349
40723
92580
28006
98999
15705
60298
20591
55468
68981
79558
43663
49736
23438
21106
97487
86810
35633
9898
23959
7878
2857
84150
23728
97947
68845
2003
67043
59888
77268
96194
37471
66016
73219
90060
38586
53854
37543
66800
98191
15159
55902
49547
18598
62115
10000
80931
19857
67303
10491
78160
89682
65451
55308
76519
38394
85139
55273
30757
69292
42780
70315
26388
59552
49300
58473
62045
98564
45462
88303
27050
83005
92545
72813
71542
37259
14101
13580
73716
60938
43817
73788
79353
38645
31723
27433
90663
96997
91285
68812
60246
1687
65864
18430
99041
62507
58248
32359
62603
50952
78580
40372
40844
28509
55776
69286
78876
45027
59633
41799
93466
77343
94676
21144
98361
10467
18651
46278
60680
71380
27573
86268
59964
37190
26217
77649
73277
46691
86031
52897
53738
30763
26571
2618
85545
76596
12967
32781
82607
68307
14443
64932
20968
96019
18684
79795
57252
28866
17582
36039
57983
28748
98343
35035
46827
9470
12050
86441
73883
21836
49053
70973
86990
48847
33167
6981
39798
29158
68169
65573
56485
27837
24792
13224
70195
60619
94612
67888
37071
58805
4761
3822
2975
92656
79487
41741
38901
60964
29240
78025
78160
36972
61285
95421
87980
57817
48053
79802
64231
86774
35964
40563
20369
6023
78123
23317
74639
2442
98610
98933
55244
53120
96847
66593
44893
98629
62865
96088
64047
64922
58926
16501
93488
91364
2845
74182
40438
82126
85264
25244
68400
18345
9330
8603
47591
95635
66649
50481
66096
90357
66632
91460
97041
83271
87588
6403
60429
45966
43153
20766
26926
1638
82344
51442
51086
28058
71799
16988
42370
50352
9749
56975
91332
68898
89920
50113
5371
2535
70837
82783
62569
38000
80203
9377
90065
10510
16269
17753
71458
11472
1522
23876
81861
25002
71323
61699
26975
90194
79272
54243
90627
40708
83223
60184
78999
94566
37018
47401
86465
80709
30420
17284
14031
26430
46256
22002
61728
37401
80829
99589
50737
44911
46218
42958
51495
48652
80602
15788
11830
94511
60484
35551
23149
59567
5482
69146
62815
21272
95252
50326
22926
35795
53545
40067
73653
98531
2185
27481
41650
52588
2889
72141
8334
38958
53739
448
12939
89743
20282
90673
57097
82102
80031
13491
7860
51443
13123
38649
16814
63293
90050
77133
58388
30099
95208
2880
79728
52516
64043
66971
63387
6859
86500
56629
53452
17361
65035
3581
64290
32310
48334
7127
86346
22826
54989
3524
36397
94838
75606
2041
64920
47288
36440
61458
67881
5163
8422
18079
8340
56229
49002
47484
29327
62330
28802
26975
53344
30301
82300
72075
27841
82855
25002
70657
84781
27792
66594
27254
99082
91162
30485
70303
3379
49038
17482
50856
3456
71230
46422
66533
73204
97033
26490
39136
5731
9405
57112
77233
98430
67958
4435
10252
80829
58085
72803
16435
86695
33740
79058
62636
99329
92357
83286
50446
51249
84706
37675
65973
89229
16144
4908
43957
14501
48725
74414
3083
80938
38616
17914
26414
99097
46687
79460
90596
73800
86899
80172
56018
39180
60897
12369
15916
12805
88890
95597
74122
5382
12921
17073
31355
5765
97508
66269
83
96507
43212
49596
69952
6552
47535
43226
88090
90598
64349
46531
12569
60184
75351
59770
62657
49328
26387
51154
31320
38858
34556
90637
27320
37928
76919
25774
79487
9402
52384
32893
16259
97993
24626
79638
52740
16257
18918
36174
81178
33145
79187
76676
76621
29824
33012
54208
94884
40390
32999
29547
4245
29412
66257
77866
57562
61833
73855
57240
62949
22690
92135
29758
79658
11428
75501
16178
61147
11257
66625
30154
99825
89285
74214
21371
31590
37364
18926
41714
53023
7779
93376
1166
85030
26471
93276
76825
47607
91709
45941
96705
7088
94351
49405
77879
41195
16704
25374
29698
13896
23348
54660
21921
28259
45535
92313
8892
2693
50953
59656
25701
77751
67674
31459
97681
689
26152
81536
65677
84880
25530
16990
55454
65158
64951
39174
87961
88299
47312
80524
82076
39921
44615
65748
76391
49333
76699
76977
48506
45745
44849
72456
91565
97935
38176
37588
78150
69112
2265
91011
23322
30123
16017
1726
38563
5161
63725
43013
61402
5164
14697
21657
38802
39160
2053
59379
19825
59658
39980
113
49739
63725
81538
11473
25372
69579
47657
48022
30466
63936
74672
42696
98101
98123
15705
40376
92964
44446
84069
21888
22189
58548
59647
2601
26233
3298
98818
13990
8498
82214
44487
9950
98529
31324
19503
17191
7336
80400
41065
80014
61689
86349
68000
85907
71953
4948
46276
58864
72629
81416
86420
19450
8967
72934
92677
37089
95813
77875
98514
58610
67518
20141
48640
67899
66706
69283
92267
23502
45157
47392
80723
73055
46143
74979
31485
62440
98339
76330
70503
37932
51370
13357
96140
42935
50843
2311
79696
84644
33322
98798
94345
86745
86890
20580
53098
87277
92816
71974
65933
51658
390
45441
61435
52973
7688
86245
2011
91179
53854
40786
45078
38669
67223
13007
65283
36443
32286
51065
33012
42807
7804
8600
55899
12576
5961
14286
1466
30168
81808
88552
33382
27263
38335
10679
87383
55038
10696
96440
93679
78495
96311
65647
37668
55225
1871
11379
25580
13578
60003
29858
14916
34686
32814
25077
75261
23852
89712
1775
78403
4255
57830
22767
54283
67793
3653
27716
96025
64243
52498
76160
28683
34634
71105
45125
6630
74868
4232
4733
41787
82473
37150
58726
95669
73916
54
26153
7105
9791
40594
95115
82810
66854
52230
68093
13521
11396
5035
7982
76502
69331
15484
84577
31205
15887
22160
63993
36143
30625
50964
65904
70724
48410
3044
21511
56762
6709
8966
54424
28253
89471
87748
89895
61939
81746
64804
30711
60011
96093
3589
82745
4225
99391
51480
19710
75184
54514
18457
15182
26453
59397
51144
83570
55259
6946
33032
85771
17769
47662
68724
50501
36484
62382
93529
11078
75298
14023
21876
2273
80300
67678
66888
56423
49839
5022
11324
6781
84416
50935
19727
74760
74121
74660
87865
20325
40341
98277
36575
21173
22931
41707
63474
77109
21642
73938
21061
89036
32058
95976
60457
6046
36202
3436
55656
23646
73556
60434
23066
89728
80873
66243
55846
63532
62114
22624
53049
15054
89380
86695
80892
3498
51343
21711
55381
53740
94243
41518
55581
72990
9200
63706
60185
74612
20857
11723
94359
12001
61155
22687
13479
29996
87232
97112
30931
604
50578
38528
37437
4112
42814
17644
63764
15244
72399
92223
50929
31118
64356
77221
97492
62047
12343
13824
32151
17285
60587
16543
7147
92308
74289
44586
63735
41188
79511
16443
88298
10878
81230
70022
79193
5041
5942
81625
28249
48193
88360
88734
74203
10815
67295
67389
63935
22707
97188
83710
6454
53685
69781
36237
88632
27164
80818
99414
24734
12750
57444
78160
2014
38966
64201
33398
67681
35443
15424
90288
44802
86221
91373
52400
66949
37378
3114
52601
94769
3839
35531
31738
27595
20682
51564
27031
56369
88892
81209
22856
82960
22348
85082
91515
63907
2566
62136
87861
73160
41563
464
26678
66112
57362
73012
58267
95619
2908
21016
15388
14238
76485
41888
26581
48586
43591
67843
6242
52650
48472
29435
81220
84097
68099
94412
72128
93389
50388
24047
40743
82596
49453
22651
89424
65705
66134
15566
77185
39915
5905
23229
99244
84475
51019
93750
1910
31016
31695
71502
89395
15416
68468
2764
27917
43653
40439
97585
80772
11921
77763
32770
89007
92200
73004
94131
62016
3985
60508
68562
9478
98992
8101
59085
748
27259
2773
63393
5695
11127
21671
26209
23340
29294
15989
82399
84360
64399
97483
43898
8073
58531
79512
51236
24401
89735
60926
90798
59692
39659
97384
7026
1359
97413
94619
5853
29472
41395
95141
92375
29364
57388
61682
35536
35187
78465
61406
97481
41816
38933
80037
81628
59540
49845
93205
82345
25843
97334
55301
12991
83158
3211
8127
76867
82143
12544
97528
90719
91948
86454
72801
63114
80634
24890
61622
28880
58986
97892
884
14526
38625
44585
79143
53932
37450
64830
81568
13191
64502
298
48838
84602
2756
33990
62596
69176
51515
14259
40960
1417
88691
43896
70636
93039
7252
52183
63893
73043
78231
42731
11833
8465
23784
72513
10582
79453
59533
77807
1501
5584
45184
69109
41125
39955
29336
77455
69723
32582
54886
9748
567
66926
37179
81038
96555
95001
26055
38582
65876
38735
62460
88811
48531
77239
65073
83727
92853
99715
38051
96062
17902
67161
62293
87564
44517
98142
68408
47930
3625
49121
57861
86165
80769
12354
44359
74155
91648
92957
72119
45674
13879
94615
21567
34935
72549
5284
90719
46472
30218
47698
95662
29375
65753
23509
92088
55875
85259
19472
42758
65980
55569
29917
43388
23787
26465
20377
19579
18084
82481
3919
38759
32137
79586
39903
35970
19908
39700
35979
93847
18784
50167
63070
76275
31429
91585
19929
64942
97998
74364
89627
81992
63176
25943
8973
22478
56074
52540
93895
571
76716
96258
75170
81019
43557
60825
62651
20843
74085
36258
62177
86812
97931
80545
30491
59991
40452
96043
55033
6586
13121
22777
65813
31489
26899
56543
73125
53151
34822
87702
12673
90923
72823
31637
4107
33912
19219
95647
36576
33501
20238
91829
56505
51027
62205
11916
31870
87485
40784
84761
29512
95841
15024
24425
83313
42740
63472
41230
71867
56597
9523
90835
58489
94255
538
94320
96990
57666
72136
35321
14624
65787
23412
5009
88936
38560
79594
34172
19802
6728
90975
73169
59451
87559
62766
69070
76867
3239
1332
22183
48865
5073
9924
45206
97797
21515
93512
88278
10318
28540
35094
46987
20849
77739
24682
80280
98594
38
8805
25684
55906
45502
54562
50551
23046
37583
13841
6702
25983
60317
10642
66414
51467
92569
77391
8837
69368
16996
99382
53515
14768
11371
29010
58872
77382
18128
76741
12304
69179
98921
70948
49401
70348
22593
99279
10605
51740
11165
37835
72555
67898
21017
99422
27879
14735
44497
15815
42722
43910
88284
93559
10420
74456
75794
64592
51526
78771
84398
6776
79548
78758
70318
75193
1487
69900
52087
33529
61401
40306
71382
32434
65545
65286
94977
56941
89847
70623
10140
24031
80754
5027
54936
99328
19828
81465
92310
51843
91607
32236
20425
3191
68960
33048
46040
33338
99610
34484
51747
89269
1822
52284
89373
18168
54638
43513
11448
89970
60161
31695
8607
33324
8312
5924
68380
79971
27663
91240
24858
39105
62640
16357
37316
13271
93633
89412
42444
30233
58365
25785
97321
47830
91872
93421
99991
51858
36732
15334
34050
26434
44873
85525
41181
6307
66202
9083
34188
39095
80010
62297
68643
78173
69140
85555
55685
26316
92450
51775
16398
81227
20702
37168
26220
59312
24068
94938
28328
51508
22488
40545
11299
75440
25716
61731
44603
61014
14202
21822
3693
5549
53576
43967
82580
4490
90537
93000
20015
89736
88135
68829
65793
45477
58239
90252
58194
72216
23277
1270
12595
9074
26502
58622
43103
54704
17829
27949
88732
54490
69021
80224
86209
81276
7533
23183
5362
72350
90225
93914
99910
41441
27285
54098
96298
9913
96772
1729
30782
40290
62111
83991
79645
61856
99882
89010
68570
25303
78496
56553
84325
73347
3750
78005
16141
4565
1693
17404
11424
43531
25361
52828
50862
24235
29743
94833
69132
30972
59731
16963
17172
5024
4767
41967
51433
51762
81639
53455
33304
28408
63433
71241
37082
5829
68891
63889
51382
59886
15933
57404
85123
76230
28141
9218
90827
36633
85369
78991
47788
10497
18574
97478
26136
24552
35600
11346
89660
12379
98147
65995
79901
60168
35973
31681
89790
47892
25822
29192
32254
86778
7024
52673
18463
36611
85929
67232
5505
12863
11095
98463
72941
13054
12091
38750
51662
90766
14262
61781
32985
92977
59392
12281
1581
32218
38263
14374
32757
10915
54676
84047
69867
718
30234
46687
77975
45239
29352
78379
85780
21042
71726
82966
23731
37542
25468
11072
71962
31205
31925
71660
92548
57479
72482
31149
33484
90466
49955
29676
16804
14376
87233
72889
42175
82237
16575
85611
44207
42356
33711
77237
26568
12549
11969
13960
54404
61036
99893
79775
45344
95393
77714
69451
56419
40496
53839
99995
59934
64789
74318
55175
67247
92726
48809
43993
8768
76124
47524
46041
69420
24526
13890
97556
41474
2156
33972
50984
51906
84102
5708
66767
24644
93239
24463
54053
85048
45633
2025
71447
22887
78886
30075
36042
2329
58304
94351
43813
78640
75230
1740
25245
26130
65531
28805
6779
55204
32060
18795
68843
52497
4934
11491
22244
68522
87066
22803
85039
82951
78831
76821
35862
99179
9290
3374
1738
83462
92923
66104
30768
96693
99895
1147
72202
6564
59566
83131
86366
62739
21385
80811
29221
26486
40258
82111
55954
36726
31935
14559
82716
26805
13292
2455
62154
62607
18996
5483
635
55451
95484
81960
30191
19697
76444
92534
1269
80262
63162
3978
48785
15315
26629
44023
8425
93044
24108
9188
94989
14924
38777
5433
12545
4357
20269
75187
68233
60085
74840
56023
18288
67580
74613
94435
59668
58154
60352
30400
61105
84350
95893
96596
296
56808
42310
55092
45100
66672
91737
17686
17482
27280
18524
7940
66802
75164
80486
15180
86118
11010
88555
41109
95390
1036
15579
29389
60949
93155
29559
29917
51635
22893
70609
27870
38520
86935
28896
34628
76770
17389
70333
55864
47419
40230
49053
23492
45059
78622
79659
69896
36533
20699
92512
95145
29368
95440
8578
29961
36836
22655
85974
84658
65455
66233
33412
52363
97684
91202
93510
28717
79998
48112
89452
77711
23478
57778
23119
31230
82855
9102
1007
63657
20202
45954
55500
41176
93907
96171
82110
80252
61943
86532
59825
90913
93624
75750
16800
53569
28655
32270
36300
86130
66677
65629
81914
10623
47214
73401
19111
99637
11891
91216
1864
47796
16730
27548
82242
22181
91171
51746
1506
15978
94657
51861
73147
51248
37668
44952
67962
40290
92063
6176
64039
66584
82043
5239
71706
11788
19735
95229
85496
1133
82874
89481
85385
80620
80055
60366
71190
72692
54652
99288
36068
84055
1335
60630
89768
51939
53252
64113
8486
25523
20791
43610
34794
58337
93411
14403
66818
29946
61510
64323
49974
20522
92849
48925
60133
58903
61623
92090
5117
68777
35665
16402
42295
3622
96171
55914
59020
3292
34671
55960
18264
80600
28268
96194
39018
28723
64290
88164
24612
88556
51469
60688
89494
97233
2220
73871
58289
59063
97421
46982
50923
61737
7766
93844
84910
92348
40466
17655
93116
53857
96407
47471
85412
51700
35184
62138
9818
47538
35564
67358
5782
88807
31010
69670
10507
12357
74494
15651
9026
84593
37197
43604
90354
12183
85633
41889
2910
14301
12289
13376
56492
67509
60913
96378
27550
18924
27545
66088
4238
45248
41108
54007
64362
3215
80119
68810
90090
58538
7612
53215
5098
86696
55787
3050
10888
7831
14692
33853
82588
72973
939
89321
88815
7133
30896
90270
31929
1381
14906
98478
11835
44067
16015
69360
62805
21768
42050
26017
92710
54661
87994
15364
57310
42114
37435
53002
29409
43310
89684
99661
26522
9520
35332
94774
5369
81179
96745
12958
99627
72129
3590
87058
54388
91134
2769
83855
88524
5013
50934
18189
31507
79865
16043
8473
7602
71457
78706
22298
55920
22046
45860
74804
27661
15337
40960
63147
51231
98709
14000
19935
6694
70084
70100
62518
9134
79030
2861
4184
79137
38748
75240
10228
88870
30346
23556
91487
13658
61898
29794
78492
26537
36525
44521
97463
72073
29725
79827
75308
45396
18127
99608
79205
73152
83412
33141
92768
41372
86638
59064
99567
65545
46591
66058
38136
48818
66556
15417
19933
95914
1441
70785
92406
7329
50495
14839
44666
83266
21072
33426
30621
13292
71691
96342
4851
77867
19187
25854
74835
95186
90986
97605
34198
7352
38754
70290
3455
54092
81300
62941
37205
66773
15658
93602
62027
2027
28726
6369
34848
42348
36774
5168
32930
27484
52911
41534
41518
34108
59014
64772
62706
24357
64846
72074
71604
46113
67755
46770
88139
93287
7285
59877
51211
9649
79528
49721
77854
32475
36024
48796
270
84347
32898
63968
86143
34871
8638
53027
37849
78279
82673
22745
20099
99624
63550
45208
56235
16346
67484
49184
78882
92567
32995
80997
27492
89265
2816
41946
16789
51878
98248
71420
95015
70370
94602
90936
35576
61266
14172
35802
56376
99200
46903
13075
41865
90736
79327
59846
61311
27190
37594
79215
30119
43089
68707
32272
49443
77192
23254
78170
91923
16320
18123
13524
21904
50391
99808
1803
51601
47744
34830
71223
72369
17051
30334
8421
18568
21072
68500
13158
99445
49000
58409
55539
38365
61928
42839
89179
25837
94187
87726
18251
60
74619
83876
78137
93100
72940
22696
35982
97423
51797
5111
14381
92773
35564
84488
9283
16868
49884
80802
52749
85041
37894
65613
18465
35114
5073
28326
95770
20166
65871
75852
70307
55956
30926
85495
25727
46112
48951
82344
74195
788
98502
59739
37585
96827
25639
67290
61730
54016
45353
26955
26990
90294
50754
44778
19595
9297
50399
66609
13504
90801
62502
76979
76341
75230
40106
89224
96825
91599
95210
65762
90031
26181
56231
98655
30999
78516
51391
33591
55508
91938
63243
32021
38975
18376
61713
14595
77959
64662
14471
25438
67330
87570
3045
64296
32821
78592
14245
17788
87164
51166
17498
92316
77239
56614
51690
73062
18610
47191
9386
39013
58831
3405
71092
27012
23889
73996
54631
79005
90343
74012
22972
30384
92468
40910
8736
98447
599
59197
41811
92630
6460
57776
22395
5368
45534
2940
9509
1652
80407
28134
43002
37286
31653
8741
43418
93562
95419
32902
15160
55452
6209
52009
13074
86763
92905
9321
69995
33931
13296
73209
34278
96346
20524
98986
36065
88954
59448
42889
76428
44365
73529
88581
88228
89023
41036
72046
2449
28637
80975
23225
84344
35555
40457
22944
91326
6099
33302
3046
82970
69474
29746
26200
21908
78892
9729
4559
49824
7912
78393
3986
24754
39030
41389
96409
59997
96692
24184
80524
95276
80528
93250
58602
77211
56504
69009
25317
74419
37453
11790
29578
62944
17526
32083
80862
56849
87761
12687
44196
7276
11396
7062
23356
38539
93650
74599
36965
88183
71145
53563
50627
16543
4887
59783
32188
62901
37565
42126
27740
67237
58012
33479
35512
61971
52332
51526
80687
50928
5452
68041
4237
52825
7027
12449
73417
28076
10757
7035
15406
8615
85985
11338
51895
38623
6519
52371
29748
93433
10967
84309
14345
89193
64772
59187
51989
28773
75240
72511
76719
86181
12801
92420
36109
36218
65721
69456
9759
96296
49171
47356
47992
72929
83617
89786
90316
98015
4979
25434
1749
75773
68842
60985
67056
7027
27370
95142
52836
25708
45998
17362
68387
27365
92309
40148
56712
80357
62554
71222
3136
47955
1473
33087
6182
60601
36429
80893
93031
91123
98511
54223
89124
63604
19001
46253
80885
99541
23761
70485
67242
35162
74689
5523
34829
90852
39083
48172
35011
52300
66553
69927
93650
1666
59826
47191
15100
79011
39529
39113
1610
30032
4624
83879
58980
86737
58666
75655
27036
8677
4349
23028
37834
90308
1670
78871
9234
64564
48263
28161
77730
84964
17467
82327
79991
77417
11978
28282
57632
98386
11448
22609
33978
51050
15352
58198
75738
4009
57023
34587
34569
75351
24499
58359
84233
97183
87201
36176
29206
35243
40877
31238
5032
49186
14980
89274
79925
70587
78446
8729
49235
21948
75456
3882
22203
72563
27277
26543
82217
42864
86557
13499
17984
28926
69013
62481
10122
77341
54486
78932
32029
99453
84418
39760
90714
25528
80440
71044
7599
86988
94337
95467
80027
96595
65187
7942
689
69185
71763
68839
1686
27834
50631
47804
72421
24974
12297
9815
50386
89267
9704
88342
87596
98268
66313
31731
25083
46587
98331
67466
25864
9680
32359
64226
67836
71373
96422
39994
55777
27912
85356
58450
97029
32187
7011
10099
49372
73148
56019
55548
29061
52116
48156
44490
81893
53951
98598
41443
75056
86207
77424
57503
78950
79644
23301
94579
58393
61884
92108
55131
40205
40699
15006
95971
1817
31047
36691
87091
34602
95099
65973
5109
90054
97270
88342
9380
50733
95703
89950
39923
3420
88376
44508
79991
51084
10116
97565
51121
1911
33557
77307
33884
16282
26222
94253
66447
59446
30514
96092
88720
88337
21568
88341
88118
87737
54924
92154
86745
14985
52826
65267
80792
48836
39257
39555
57478
89117
94650
58773
9233
13273
38028
43733
50737
82157
37110
7067
47370
66881
14608
27138
80350
53078
23294
99734
72978
33955
4969
29356
62075
18875
57084
70860
80389
65003
64440
61705
30400
67455
67093
45713
72263
90372
52021
82335
48494
41256
16486
88078
41991
26462
17269
52584
59729
92861
42729
49213
55134
74088
11971
9935
19424
47785
59632
43530
14255
24342
38504
47505
88697
16981
20678
91763
2471
48764
52996
3709
72903
89425
38099
43145
12475
51376
79476
45588
42558
32843
63350
37868
430
32107
87948
64520
38427
36533
24458
97971
98826
75176
32380
1856
84838
79939
99171
41857
77988
14467
13645
24658
43953
77930
44816
24560
89306
81083
47779
51816
25527
79394
45176
6730
80374
72113
75738
56187
17152
40804
52735
59818
87593
50854
23978
44858
95225
45165
76064
63134
8818
2272
67748
46372
5662
77817
5297
8360
64183
15813
90644
51209
74322
7815
63300
25752
46153
41437
25567
89388
77059
62587
69218
88083
70722
83316
81188
9475
24648
9271
74991
33263
84519
82997
25693
11317
14436
87424
85387
60851
6343
61007
92700
55930
72738
46911
32749
94907
25371
66708
77744
4990
75544
7933
86727
23122
21830
95637
24511
56991
30182
18181
78215
20566
95381
85318
30539
86346
53078
73957
55921
5368
66142
41792
79375
98913
96763
82124
81639
11768
10370
47833
18433
85015
84244
64141
99971
23980
80940
22925
62063
8689
53543
34619
41721
90873
16113
73976
45508
26406
67016
39978
95128
98360
51119
9145
86721
91296
17073
37300
81735
98354
67376
35761
76134
27129
9513
76561
59338
33156
19174
43009
18664
62622
5600
53245
16635
93596
32206
75119
83898
62575
44430
27733
45683
85593
52847
50689
49062
54108
91897
25945
7168
16494
55481
60991
93139
30729
93133
28459
21198
45214
72329
48053
8382
93898
42979
7151
42657
3457
63393
63566
33954
3399
51293
28265
51894
34974
82737
60473
9810
67897
55589
32065
3399
38670
31859
94920
52155
1834
40723
85921
98309
4703
56200
17164
81029
21817
47782
72949
47806
43342
76958
29913
28048
62451
75719
95657
49654
51371
42283
60552
86585
63898
30283
58607
66095
91032
66800
61935
45204
85922
44847
64054
15651
7914
34424
6026
44817
76878
64796
50867
54790
79142
24
74966
92345
31895
45474
51611
18278
33477
67662
50736
75855
16805
35134
40070
46605
35536
79588
17049
97681
3219
70421
39982
70139
15715
49837
24948
66741
54766
58168
92493
59086
79373
36164
55078
86063
47670
71137
93250
70651
12654
57841
61077
9991
11772
84050
4492
1939
26136
49605
90634
18341
77346
36698
89036
28481
53871
61178
82990
12647
50077
27473
52583
80937
97736
1110
65519
41350
53526
11480
23970
5256
66541
95270
45116
73975
31268
46427
68771
69464
18582
48261
67877
37157
86547
74128
98550
76074
75376
74132
2267
66905
11615
24984
92293
5419
83962
93601
11221
74516
36537
82747
22110
29218
81923
1026
63273
87089
63329
98253
16081
89869
3309
80760
17102
70982
71785
63341
6735
24169
77581
63247
18464
55297
10136
66946
86348
12777
86791
34394
33787
16108
47012
71902
49020
92283
26966
62424
21471
64395
47894
68925
2841
16488
95713
14100
99978
73306
137
99940
86459
17139
79431
35358
15040
34929
11307
76868
81630
15062
19828
60532
5766
61410
22587
44726
78591
61002
70825
80606
83554
8599
46440
62077
4383
42077
45751
31243
19901
15606
88824
6825
68574
79771
86211
2134
43648
69118
79357
91984
45248
97511
83044
85893
15770
70601
80353
57877
779
51008
12608
76133
40823
96170
29563
4835
84518
13823
57746
57073
97546
18190
97111
88688
61084
82901
1830
79659
47428
124
402
52700
45782
84463
30811
98751
90041
11351
13179
98513
57284
85043
26911
43492
67938
48568
22451
71074
72980
12994
76694
8635
35541
10742
31693
17678
58809
49078
75763
9712
19566
77919
20110
84123
74949
75427
15709
27510
33802
30942
86765
27869
9710
7191
47627
32781
23366
26645
53844
16750
83116
6459
53960
49853
77603
62498
19933
63125
47001
41969
28367
77274
11909
1275
35637
13409
84207
42166
75087
10751
78223
36243
24539
86989
85165
24735
23047
29365
50664
95701
59105
40188
37458
46493
95819
72427
75032
40229
9162
32315
64640
81339
49213
31484
33547
29348
10
48387
80026
6620
60692
33550
32716
23338
60585
55477
68805
55295
40056
78959
42539
97355
88671
52542
842
11645
89507
46616
11191
50325
23161
73555
59794
5287
4609
88364
28388
76654
33618
37267
66792
69162
31184
70007
69894
80407
29466
88746
30426
50636
85024
59728
36564
22893
39794
24170
52216
24813
46708
83737
33349
47044
40910
26769
70067
10889
34495
53340
46485
42060
11665
40583
32030
32147
98407
6509
5153
54734
24083
8286
92336
94937
28517
97932
42854
46254
71646
8466
480
30628
75491
13825
64517
88392
48876
63433
33479
58454
76764
21760
8802
72116
44267
71634
79265
4619
42206
22149
57984
96739
8664
21383
65867
26906
90090
67062
52454
58497
31143
23372
88070
53812
67794
62438
15100
56275
19352
61455
35122
17697
60826
70285
31150
9336
65219
43496
68596
7975
26168
35410
20487
48010
30605
93848
47408
5540
16212
95939
10391
25436
27536
95883
3982
27537
17256
77209
96558
79002
23959
20344
37080
32255
66976
26263
28989
89294
27870
55613
39514
57115
63673
55178
95035
24599
23926
66661
99425
79595
1798
92999
36734
15921
17726
11395
84540
22895
50694
80593
285
81585
93323
74838
46014
56931
18511
40562
77621
24552
15328
50469
8729
28089
90534
30718
55488
29853
7798
78466
72771
39073
24868
46838
63262
20597
73045
78889
76436
64707
40882
94368
9328
5677
77336
34367
9286
78689
88717
91217
71479
2811
84813
79029
82931
35831
31330
42469
42969
56850
29522
64675
13978
50301
10354
59299
83548
39420
75001
82703
34682
64801
83919
57627
62729
73663
2532
86374
87125
95918
26141
25129
38825
73787
79176
1663
61038
63785
92465
73553
50603
42376
18926
76893
50315
54768
86901
54818
49468
10586
25197
66507
17427
41627
72353
78165
50828
56990
95441
92767
49551
65085
62019
28685
71887
48412
7159
63257
87853
36322
83512
38455
62937
75924
52621
15427
39704
6288
92944
73257
72321
40931
15030
22096
30145
6408
18445
64772
61310
86749
86724
17534
281
36483
83171
69138
12396
86770
21628
7574
13555
61302
61497
8778
98792
23755
13333
29288
49350
2736
57543
88042
28239
28683
47928
8498
70473
21145
38582
58329
9027
54032
48577
94648
78229
75603
5282
99500
19877
16593
68444
62026
2726
97178
56314
79807
41499
95391
44616
14818
17466
37861
79550
24153
71979
54982
33943
94149
87823
21284
87840
94763
49278
67018
45611
32799
47625
40897
11651
34191
60734
22252
31418
12649
137
8481
84479
19690
58103
41541
64171
14500
90870
33218
99770
85067
24185
14919
36887
78429
72568
93885
22991
64908
40275
32417
53608
3817
53143
79874
75979
4558
31033
82553
49788
84071
29728
94912
45898
39294
4063
39729
56194
79811
14880
73820
87806
14132
28668
51940
13947
87215
67558
87734
48360
73521
7303
77287
38906
71689
29060
30634
50620
85150
83741
9834
31780
42393
66703
90570
72513
79281
51512
33367
42448
36145
31770
72966
87310
63016
3289
943
22312
29549
70846
78982
73774
64397
54174
44274
9446
56211
71541
76331
86044
67154
5996
23413
71511
52114
10105
40563
61831
85140
17478
74890
12251
77188
13290
38900
12399
45530
9907
49214
49090
95629
77093
50462
39013
73557
61915
78164
22672
98875
36012
37787
5071
17055
98954
26220
47513
57861
10276
45872
96929
66750
19436
83968
14821
61358
54578
58075
31396
82175
1582
4163
79309
1442
13949
79380
34002
85021
163
16674
1563
19989
10255
69966
18999
51641
44156
91876
42829
67336
98675
83700
82161
60353
77998
48140
61491
55941
49304
94702
87281
28171
3312
99027
19916
87296
13356
53148
32664
98296
42137
27280
72940
74262
12577
78359
84058
98227
21510
29809
8377
95535
5290
65268
16285
26001
95985
3937
41224
97756
44446
37730
58298
12337
57434
21730
90788
50427
12404
26280
26299
61979
43266
60850
12007
79376
36773
22890
85275
85698
44619
57031
2591
59244
76525
1795
81289
32964
4761
76788
60458
68808
59946
69770
65956
6630
33395
77924
77401
11367
91003
41935
19679
55546
7041
18620
96592
30457
83809
94556
56894
6298
35151
46074
39748
47284
800
40630
19575
93164
1417
50458
30843
74011
86111
96026
77906
22877
83933
15565
14031
16281
69923
58018
57481
2664
78043
21505
14795
85636
58520
24864
15752
55407
10775
85246
29036
26556
81799
76863
59565
51773
36869
62565
14016
46475
15072
11527
7272
76652
69404
79889
28618
91300
94706
39831
33564
32698
60564
23575
98683
35621
5869
20842
98492
13140
48615
42087
58778
7479
37671
2389
27758
60429
43858
64234
16157
42282
99059
64836
4971
90917
92053
31811
69101
10812
34666
22690
77756
57380
44270
29744
45990
48144
8454
67439
42558
51101
76738
75625
53171
77945
80578
28553
29342
3822
85044
38525
3094
9998
89883
7238
83070
86940
83947
47673
58717
7061
63985
92022
11022
28377
88176
55746
84206
43578
23558
51715
72914
95424
41165
53719
6875
62070
54909
29905
13378
12692
71822
64754
99790
618
43612
22048
65733
31334
53923
27685
14526
40867
74250
49799
43540
60974
15420
43263
89975
12725
1585
7257
32541
4271
53739
80839
10358
14754
74076
81665
88285
28309
54181
92541
46858
3186
37273
75879
20260
15639
69953
58685
27604
13658
70968
31146
24821
4055
62582
19229
32647
49431
42154
64037
35010
12318
60801
85643
69448
26577
65027
79916
25683
35107
48572
79985
3086
2619
81560
28013
46528
48643
69704
81811
26594
56975
34241
76466
85778
10791
58051
90158
40416
92659
13335
82011
77190
9827
31090
17112
13748
62616
44055
41062
94409
99538
85880
72388
57822
14135
83932
32809
33948
28413
6524
14492
99150
97876
30696
15379
85681
71987
54919
98887
8871
81501
10427
61232
23083
88688
44323
14946
84799
93354
51258
85892
52066
22359
81052
14281
38429
88956
38537
49260
58588
25178
70786
62893
33210
18175
87697
28194
30933
82830
76581
50940
62944
5193
77882
64632
67927
70233
15351
10525
29453
79643
83601
17369
32162
82662
39181
32819
62192
82140
64643
7116
29573
96749
66782
52184
79691
38627
37056
17298
16962
55950
49570
1409
79503
31468
3480
53797
69645
20147
73715
63773
5698
96927
52032
48441
86893
28051
85135
5431
99643
38861
41070
85821
77529
80203
12147
16466
69604
64244
53720
70552
60188
18821
65441
95113
63351
78968
24697
37422
11506
59602
22170
48822
59106
31754
69900
60057
12936
91153
25861
84362
29506
77410
40078
95282
92319
99752
11078
90158
5419
38214
14911
54727
65672
71943
97190
1866
49277
4483
60161
12612
34024
30794
21681
44764
48208
66608
67319
58253
81942
50389
23667
50750
8841
8880
4423
71359
920
83575
17370
73506
35778
56942
3288
48116
39561
84201
28375
54071
75749
81408
67764
39005
96181
42350
22684
20483
22257
55270
85895
92263
99323
84371
65694
63976
67507
17097
91165
22233
47434
31437
34772
83201
22702
75454
79623
88722
739
96159
20405
44835
1011
25731
76918
5741
5885
85491
798
44702
29673
84606
99390
26430
57051
5150
46250
87708
15942
60771
76884
91379
11351
56670
45527
62654
10386
26764
3280
43381
4571
46077
56071
48548
56235
33376
67595
12998
81634
46413
11771
22819
64411
43246
65698
51107
80155
50507
45338
60270
60899
35888
62352
53185
93350
78941
70568
59151
68244
95115
183
43410
49492
20214
92303
81836
24720
30475
3384
11807
46954
40367
81688
75300
59373
64105
35573
18444
28862
87789
85458
45489
36401
42086
20374
57880
43128
76928
45322
76998
84598
88719
98720
41180
30290
40319
3633
21584
94631
47577
45919
62185
41560
23726
47225
42871
99489
17187
61853
31628
85640
95033
84599
24091
8051
43864
28616
61932
1939
55288
43522
48505
38397
17324
47727
14984
5050
11883
83954
14276
15764
12444
8869
31322
67185
45981
34945
49614
67388
81904
30844
75352
75870
37283
5741
51103
8908
86715
78315
87631
87162
38844
80147
46362
83213
81846
64040
96713
92430
7695
75445
56860
17275
32202
5870
24550
28119
47026
23349
92862
6850
51429
96088
85283
73411
16415
35255
19216
99681
38913
66083
2744
93457
1182
82498
64798
13034
38018
51440
31475
2740
28511
84735
5420
78495
73942
56255
58240
93840
90590
42072
41947
53430
98324
97812
38626
43579
21824
6874
39108
9526
22815
81717
82168
83133
65746
73107
76729
73047
24931
27145
58139
95568
911
30004
86184
75174
38452
21210
92
89056
46744
53839
63737
66526
23155
19347
38408
16299
50843
21849
25709
33871
22762
26275
2245
45921
10542
67945
23199
50330
29228
39832
38164
54852
84978
40727
99748
49874
97816
75716
33102
54889
10546
93693
4204
92124
15317
98427
96841
51381
13667
98329
83200
49327
31541
9810
722
64321
61668
73896
64356
44117
32435
95201
41842
92406
99037
37420
66004
19431
7895
31042
35980
23025
33281
70855
18792
81717
78606
71663
16186
30207
75309
16925
81489
32795
38868
48551
73140
28225
74120
99637
30011
50572
63116
36584
80938
34281
59875
49560
42155
77643
88451
27606
5479
6267
75384
60560
69504
21772
3602
92147
85038
23181
82061
28202
96820
97655
94907
70660
31102
42534
83184
63892
62554
8901
79337
20530
64144
86530
70841
60671
44959
98528
58034
56389
46133
40427
22892
13245
74570
4903
21142
98474
86586
71009
59574
56355
43869
1447
46622
76175
31557
403
44974
37224
77683
43714
55967
10945
17175
32868
72595
26180
20898
36716
20151
21780
14473
8038
23697
82641
8473
42408
2604
36762
7825
36097
75325
32109
55616
5231
98226
85386
18908
29357
47574
95670
84796
23464
38755
19162
9331
77139
80100
87627
80329
10161
73382
261
52664
76911
70971
71217
34432
69460
6698
70566
58855
4240
60118
89099
5649
86194
99177
26939
36247
72214
25789
42497
57895
27707
15816
64450
59160
5107
45793
37626
65097
30931
3603
4062
40149
7946
90045
14657
58324
79087
24003
92850
62321
7379
57493
20290
25411
18293
1561
28836
16715
42772
32023
23565
31561
81375
25090
43963
50363
70920
92638
3186
63764
87512
83794
24289
32820
43196
56108
30852
27625
57596
20843
91266
34690
60172
99469
50710
33068
57084
12309
51051
45867
28874
92536
45408
82039
97879
95557
41387
6672
51959
7950
26970
43967
2210
74200
15508
25866
44936
31707
91582
88276
38113
58902
84666
3087
3169
63026
51978
8254
59883
83985
4690
2284
55773
5363
3259
84323
91113
6181
28660
60618
15779
88870
32307
81438
78454
11831
90618
33067
65938
2367
9652
68327
88256
83352
9150
99499
27094
49146
73154
40079
42821
65825
43583
18241
80527
38077
11813
36130
10743
31446
39100
17757
20849
32250
89924
22500
23192
67621
89878
57065
72638
97420
97770
35863
63102
72262
46418
74186
50893
77175
80676
77617
36751
91450
27957
20510
12102
18154
45920
90568
79110
2733
68197
60062
58307
45373
50191
28775
6348
76565
62126
76090
79377
25301
93827
52887
28766
18034
65178
49985
50092
85405
30961
66233
36653
79662
93239
42168
97094
55885
33072
8520
20601
5340
76629
32192
82239
46372
91544
86170
64565
33627
52837
23538
72014
46895
57923
48765
98438
70130
23098
48644
71606
81570
19407
35451
95171
37331
58251
10754
80209
78139
8666
66904
41685
60537
22831
15991
99209
56547
69028
14320
56472
66411
20734
49412
73433
10510
82960
44348
8216
46297
14518
74405
31567
30360
27458
60075
75061
75356
3924
43921
81325
92775
86561
4875
52479
25015
97782
35032
89699
13197
66422
38431
64121
69818
61247
72740
16662
75845
48043
61063
70809
84955
44115
18682
50556
9107
62413
3677
51430
26717
7766
21432
12701
47558
92426
74964
89913
8074
89360
83862
59891
41655
40947
65337
29596
68410
58507
35975
27178
66889
50875
27860
85389
84332
99155
89271
88192
49545
99093
741
67227
26666
18036
79116
63717
5260
16153
83113
47847
26343
14304
3654
27228
98773
77215
50899
1316
42657
11494
48480
76344
79214
95521
60533
76248
33697
96763
93359
80543
98667
8573
23063
75000
47831
49076
64703
9418
93133
23281
49980
10671
70560
63401
47963
81602
73722
66461
73506
35639
64642
5076
81060
15108
99847
64836
69727
87613
78508
44239
96022
27838
83920
92554
3046
64609
11929
47161
13736
17391
5052
85494
10210
93843
64619
83473
45834
98570
78491
58545
792
40855
97649
36953
35110
75059
83433
30021
24967
72673
63203
76275
81569
54176
8170
55743
37480
42617
5442
97639
5592
65880
92494
6605
51215
35096
18427
52443
20421
13719
44748
75712
58698
90953
70626
25977
44570
680
88136
57419
14655
22408
75193
56172
57667
62825
72910
29153
66447
66822
73800
2594
39589
41994
91830
82074
38967
45410
89380
93099
90499
14477
12288
80878
13868
16
87594
90840
70741
18151
18775
9048
62108
90518
48258
68412
29616
99997
27472
18835
17
63274
3166
63310
40259
47368
42345
86720
83310
76053
72250
12645
25589
23889
87372
93214
72849
84626
40859
59194
60714
98868
64299
18352
86610
72622
99858
26185
48221
63265
79171
38234
71008
33033
29784
51503
31749
22294
71387
46916
6632
96340
28497
64588
338
89254
94532
70837
94639
50417
59179
34563
558
26804
75192
45240
55092
32502
46077
21205
80637
34808
82300
15034
66353
57769
2346
21833
61535
77304
55775
8265
86649
20164
29533
87366
88043
9904
81915
44566
5561
84882
63501
55319
83060
11530
84273
40915
27896
82608
85080
37541
3877
44838
35214
97974
84536
78732
90153
40224
73126
88499
64810
53172
2548
8649
72115
96118
18838
71731
52806
550
25602
92569
4821
64282
99152
72378
67435
55526
11505
44321
3477
73150
86696
88783
90863
89106
8105
90936
62535
59128
79021
36810
14128
32136
18767
74407
91334
69440
9734
35316
34328
13960
29792
65449
9623
21328
503
99081
49657
24789
90898
97068
89578
94594
46971
13016
59057
43315
376
61647
93946
23061
904
96545
84805
43050
92253
60033
45738
23880
26608
65397
5030
98849
90213
50408
74727
6493
80124
52730
32721
97539
83345
88951
51306
64887
93681
1508
56776
7741
82617
11253
58549
19196
8204
45852
53308
7869
51953
67261
98163
97874
50759
83133
26948
90836
16582
17304
86074
69861
26036
41329
51844
95093
37216
54468
4521
20863
13566
61848
28201
97651
86368
54928
17772
61999
91181
64832
35753
82822
61536
96829
5173
23427
62944
19437
69254
82438
30295
87678
54210
2764
27538
86610
86729
42350
6964
75512
4380
74624
76983
3382
69384
43034
20832
6658
46419
21043
99677
35440
75714
96808
29182
2534
16676
60061
30094
98667
70975
3802
53388
35101
57365
72119
19946
34
19762
30706
69345
84055
10613
29917
84655
7172
86169
40821
64463
23952
53630
64620
98163
47281
82809
74280
29535
90587
67797
80037
40325
54202
60708
92565
94489
76987
99334
79848
98289
62628
30388
70951
15803
8100
14090
73529
19163
22661
38511
75945
20671
18686
54978
99359
21024
56133
62018
86314
89079
51394
48218
99487
80890
70590
31752
74523
86162
38042
9545
14372
53114
3324
54882
59726
71638
41093
44461
65274
88270
43582
89118
48025
83269
74032
26833
91054
11450
44594
26483
35217
52858
16509
63785
29999
91456
95964
43424
719
2891
23423
41586
10832
77146
42767
96754
21518
38502
23772
26516
84739
54748
6801
34716
36074
45910
9289
77281
30558
42324
90171
88446
3809
78140
49905
8277
57881
94924
62775
90368
60757
28568
28942
30262
41742
6628
86560
88085
11368
51103
13006
48434
45816
90746
21348
57979
15999
25028
36334
32005
50068
4355
17253
29911
34463
13201
49954
27442
58338
23697
11507
85467
19826
20972
60971
79815
43427
88237
53171
50562
60419
86165
15902
27803
47868
4187
20379
33168
32477
75844
80323
53073
80690
10810
20050
84148
23759
50221
81939
76853
41100
85123
39060
8871
1130
94941
26105
45275
58420
9607
49388
72843
85953
36539
10898
26020
14805
22420
10616
81358
43751
1738
57420
74586
47837
51246
73193
51623
48788
63299
88586
22960
96380
93463
66463
19669
70016
16989
16061
10373
33763
8265
13136
75045
54950
24999
13996
74911
36198
78712
93793
63018
67970
62345
429
69330
6010
45490
80587
88420
23539
38825
67593
36089
37687
4544
18679
35580
50937
69569
95035
25881
45974
78756
54786
259
15927
77515
35761
35394
27123
43419
36505
7608
67857
3959
92393
83247
93163
64858
57213
81921
88815
56369
23413
93922
12255
67891
18080
40686
46104
75838
29463
44523
85679
36174
16774
47898
51575
56348
32517
84704
28416
5170
61125
42155
42585
39591
15397
17251
77302
68091
36612
48015
30349
63824
71569
95169
75642
67075
59199
44831
1442
95942
73076
16303
36212
99899
46177
83134
95915
18031
62763
86605
21873
96720
68775
26040
34078
4172
70853
93220
20766
6408
60355
82885
81392
66586
33571
14537
33930
57412
15383
5669
92474
65582
78008
96762
59047
31838
3829
69923
8727
14806
74281
39229
85866
89066
34309
84755
62531
88348
16877
1925
54982
57750
76863
69013
20797
12867
17069
37071
15508
26475
6604
33170
6565
22442
26597
99294
7790
76651
2760
47420
81790
88262
45505
7780
35087
46579
31459
82575
7180
32937
29984
65947
71028
15672
20315
84820
20983
43999
2964
97317
12349
19243
68354
91387
79686
9485
21952
44049
16300
9303
66814
48221
65924
88179
39352
82039
98820
48511
31875
77857
50878
20233
61859
39256
87946
56482
49851
37718
75043
22626
68700
17984
48968
37017
48990
915
78594
66125
66508
48998
82660
50005
345
58108
31726
1809
78609
53320
32397
40707
50699
68189
35325
89486
56922
65170
38766
61033
38051
82542
8324
25888
20392
35189
55480
31784
88035
85775
86588
61661
84879
21361
7164
19194
79999
17611
34752
57427
19314
50829
70958
51794
96830
81686
47404
51117
48617
9339
14147
14752
15927
63409
34559
67437
71838
72247
84691
57996
10357
90178
54809
83888
14571
87430
29911
8953
73908
66974
63453
56559
92861
44633
45323
90529
57153
78273
34416
25114
30964
83817
43853
62332
52732
73650
29175
84444
21664
18298
65979
72634
64825
70530
69693
69980
91941
57338
55129
65542
81082
31051
42506
60343
97047
79104
58408
42211
48982
29810
79340
27209
78014
60623
33967
40656
24981
92006
65393
35203
26419
4530
70518
23494
97073
59201
36907
27123
91553
62815
5926
17302
2007
98532
67946
41057
90436
18262
43881
75181
41059
24668
10661
13838
87628
45569
7343
99089
85703
65825
83857
12660
17083
85236
31527
18466
66756
87187
85223
9898
42530
44363
34945
13660
41998
90173
48642
71423
17416
56176
96051
52049
26411
20340
1150
72988
38562
5108
36272
50833
26676
90647
90458
54085
84475
67410
88434
3172
47955
76654
81206
54710
29133
64241
81808
80588
64003
55948
44981
42599
85638
43040
34824
63590
96467
53198
86748
59369
39172
40858
27446
7879
20770
20443
73232
46536
71608
28834
6202
48512
75972
77892
51260
89193
39398
32389
51862
32443
76059
10243
64840
56427
77923
87004
43789
85597
99742
94397
90754
75463
58613
80681
13605
30660
73621
3170
94616
12114
83990
80918
18565
83049
57146
56041
96252
96792
47057
92763
9015
51197
48057
14230
56766
28128
12771
42743
74182
25708
85424
48470
49877
25836
29531
52019
32065
32383
40943
85343
88310
92791
76057
58404
26294
51667
12473
60594
62554
7254
37746
57192
24471
42180
99649
76155
44092
63258
41226
24837
38328
40359
35309
49005
14776
90282
16888
88142
95470
76041
22486
90983
31501
60299
70021
68287
57745
49875
15077
40883
42139
58649
55916
32350
21306
18855
15575
2564
38022
12397
25051
22362
21797
96417
56730
9589
85168
1046
94769
49357
80240
62584
1485
82158
19810
27490
69085
47356
80666
71804
45123
44352
8963
18004
63333
76019
74948
16919
15776
49221
9887
49164
67612
42059
32211
15534
2202
91971
50241
86053
52841
79013
56299
77183
79000
48615
70424
2991
3079
31789
43573
30082
89526
97292
86293
59003
12607
97402
93145
55690
52927
55667
42379
95149
27951
48938
83108
46819
33713
45834
32814
19977
61734
56232
38275
26643
6588
28072
24180
96392
66565
776
70278
7642
40866
29996
83030
80065
5278
21319
2781
74100
99352
30402
21711
64387
18393
53709
1886
75059
28195
80256
89755
6743
51722
99788
57852
20455
59132
53698
95961
46592
40315
48543
14801
32344
75692
57332
44617
93948
12104
45518
32532
1383
75824
19718
26991
72993
3581
34118
69027
55379
43989
43254
79661
53506
66682
86947
24890
71920
58844
83212
56748
6346
90799
30408
87674
65294
82967
49015
56595
12446
59647
27267
49538
84154
55274
43506
76878
37533
48449
46507
30457
65206
46730
14787
55976
57824
47705
72515
62529
46688
39425
22456
78448
97148
83843
88182
75333
95635
35431
88010
28151
66140
17449
48602
30284
31806
90154
80123
73456
67465
2215
26000
12258
2800
47175
38649
41839
88196
93869
71903
43638
47726
26797
30586
63210
2056
9020
31358
65494
16312
80289
73344
62906
2890
62183
92616
65364
18313
31060
22005
52442
66458
82260
76903
39332
1206
45614
38893
15911
61442
16184
13579
70427
78508
78247
68808
82685
32643
87390
83186
80081
89971
89159
58222
93344
88668
62528
65696
80223
35055
38189
25619
65200
60484
57548
66213
38177
54171
22821
7858
79923
76973
70591
19068
20821
28174
36240
30708
38254
13761
55373
29703
32378
26647
76415
14312
49644
87142
41015
98102
46385
50979
31224
85002
16149
14652
66514
41919
12799
10323
4879
7646
35319
730
2374
72452
56232
18568
75245
34387
45665
44310
81036
70130
75381
39001
95021
33217
79586
57948
21999
21310
1103
56505
33945
99629
82926
66131
87339
38056
37441
10131
74545
65218
41625
73310
14897
97305
12441
87695
63235
77944
7929
92182
25696
68326
21542
5580
98867
5071
967
17362
7565
11116
28571
98406
55381
98577
40990
74752
71612
69971
6090
60303
38253
44469
85786
65867
71779
8654
31754
53303
48886
56760
45338
48853
1453
71031
24786
46213
855
83363
35903
83068
72245
20084
65914
82077
34862
91722
5578
56982
83206
67287
45984
81786
41545
79209
84193
9270
3266
39671
289
47474
65352
62374
64681
99911
92279
63641
48379
58263
46524
41364
16013
99565
18378
28587
34257
46546
21739
60876
59861
39465
33264
31653
58950
11560
5545
1363
40943
23859
64272
6920
40992
60278
55967
57624
69226
89823
23874
74528
25894
59350
16135
2196
65717
14971
86770
50596
49282
92410
18989
12554
16804
94060
20381
12082
8512
49101
11855
60902
58923
87862
62033
3157
58956
76439
85694
51616
6016
69939
24113
49601
95448
62007
95131
24024
23708
69272
40559
7123
20403
31560
12442
3384
71002
92437
48656
90611
82002
69214
77697
91927
58071
22771
19083
94099
97194
51880
76393
18258
6768
89781
3337
59054
43379
3853
52924
26195
60774
68569
38982
90892
64006
87953
80245
76204
29500
27702
87438
87418
51264
12239
24738
72378
26327
84670
42304
44628
8220
30461
24069
78148
29597
71579
8878
92605
33788
42413
59246
56026
84854
38066
37178
29475
3425
91240
55234
68792
34478
86405
74331
5213
75661
77107
9239
9762
97904
86986
54357
96142
70696
57195
74517
60488
96236
60791
97540
66785
67640
72746
6933
92769
40561
93752
72113
5068
52166
34018
82021
35185
99507
71220
7066
96847
36383
40830
60354
73348
29638
16621
36846
56980
38225
93285
99197
12018
46432
45406
15022
59086
45961
91480
74166
45051
32410
60125
76429
76508
49275
5585
28867
21386
35791
8600
98768
70308
76569
46244
28809
85076
68188
12313
83023
47770
49562
60352
43969
31255
38782
49348
97073
83096
24245
52844
74900
18205
75222
72021
27475
72389
94307
60396
77919
70008
10215
90757
22082
33297
92863
99835
98448
55045
4630
1796
13179
37844
21929
57551
96294
22699
83209
27357
6513
57780
91070
36506
48756
91419
82696
38838
75207
86429
19969
6404
51998
64847
24191
17071
31154
11656
51029
72404
51545
95852
32473
86720
50520
40342
87488
55046
57999
56226
54470
19517
93874
70580
5226
89172
91928
81128
1397
12979
72557
76631
76955
82832
37986
610
77146
88074
90724
1727
30976
58885
51722
61373
76713
86370
55944
31093
14821
25786
69216
95503
88248
39960
12152
14542
20571
14480
72838
65177
82913
16928
31848
84935
92916
74177
95825
29062
34461
82505
32126
2216
32322
73697
78726
66283
44553
10910
10735
56996
71675
57407
23422
775
40036
74273
35046
39381
38583
34754
92578
42274
36014
25488
20157
60673
59983
60813
96814
64911
25323
17762
34
10809
78560
7133
31762
97323
28926
11656
90867
39255
90950
98663
97163
33373
26605
43790
82145
89149
48641
1053
28206
3158
64163
57593
62480
35322
12786
58663
33054
62448
83400
48136
28021
82053
8798
99052
68336
36113
68267
26292
87318
95042
94313
87880
23726
16359
97560
47761
63949
90330
77756
91445
71792
86122
17602
39629
16549
4836
51360
9924
54307
90302
50138
91726
1083
37409
22816
89954
7878
59248
8149
1110
85309
6841
35402
66870
95944
31478
75017
86880
82894
42880
11694
59455
3243
44242
98095
94689
24640
10453
3613
82999
92356
9645
84386
97033
99799
32799
48298
91252
76535
49949
35519
61026
7788
59280
82412
40388
31199
90497
1347
66573
35976
76164
94714
1550
71459
15201
61903
52393
548
27072
18221
85109
31010
48624
87495
89166
64175
61973
88417
14677
63912
85100
334
18251
32295
23643
89459
8486
81910
71770
93418
12461
28094
11608
96931
60342
80349
940
40806
70170
62742
68345
46132
71537
47266
63900
83787
37487
55461
4789
80903
20890
53692
19376
24261
83463
73970
93519
74627
73328
57265
53206
52068
67477
99573
2834
29487
12236
99516
17191
77719
91462
84442
99348
1558
83903
61641
32997
83794
70177
72254
89301
51937
78166
82551
59230
29481
95496
7344
33535
66656
6328
25044
55752
12658
68439
15345
84389
60033
23491
76036
20133
14951
11617
57172
15014
46166
81300
96123
1054
51937
77528
44446
84296
65172
56638
93085
86794
74685
6372
70630
64767
60206
20559
90084
36101
34522
51464
19253
99845
41437
43568
91034
51995
64345
2721
87591
75201
69114
22467
57658
72860
89659
27560
52520
74818
47330
48965
94899
20807
7398
66605
77976
28643
23409
19851
54724
89921
62304
73307
82727
51078
28231
95814
993
63772
28177
93273
26040
40123
22982
69761
27372
91987
26789
70373
71873
13432
94480
75615
19708
62058
9031
31256
61385
36575
81293
89631
70361
35120
13607
76006
51273
96093
49667
43802
71037
7837
1941
55869
75531
96999
22844
13345
77204
68982
6339
24002
9774
39996
71235
85761
37436
26790
23557
53689
36959
67272
33254
77024
38277
76709
34772
51100
36288
69916
59829
51231
27538
58610
97062
37152
50692
52473
84897
823
90390
11130
14008
28885
85584
62724
72381
40894
13495
95440
7844
45348
4572
29648
46400
49185
36174
46036
1194
49040
71984
15673
42465
33833
4581
32047
9035
6455
19047
98021
26329
83320
62199
66675
19368
85713
83502
71267
79332
94058
45298
85820
54919
76077
35397
9901
66591
38999
77623
59987
36718
53592
48444
42503
40043
75917
40569
87911
91013
68727
70231
75711
24872
89015
51673
72500
39736
12841
68682
78381
93466
86394
89008
72446
2419
73160
25566
84178
74535
69012
42501
1716
59331
48582
46281
77306
59543
51486
35986
28975
5531
26962
7801
18843
3122
9353
15523
48978
37740
83314
73994
60918
68069
37410
16470
13961
79371
28200
74154
11635
39453
15567
29659
39596
13230
55312
94588
6854
47753
60944
12244
99354
30735
25277
63313
74702
72539
47297
74774
65568
23335
36161
17456
96690
11495
54452
95078
28594
9235
49891
7182
80516
66851
47386
78685
65806
59891
74888
65078
50208
77893
39672
97092
30718
46629
76076
18531
83947
5992
94611
14520
35347
36686
98120
6656
15125
78246
84967
97830
24876
78320
95691
46063
25
16830
38953
12015
75023
73748
1219
91422
35962
58575
63946
29349
53036
73954
51507
68146
93062
31611
54836
34668
14879
22916
12348
90208
80276
27493
87948
69017
84172
49766
96566
52878
10631
43538
60240
80726
95459
62296
75413
20983
28042
50315
48857
88315
71451
27657
73478
19555
59923
8025
46231
62710
49368
53133
12145
65362
18434
85863
48185
72932
11046
73720
9686
69170
58400
72452
72036
14325
9053
23489
41650
77284
72675
55326
7097
26155
73085
55711
35257
22459
88646
71847
13937
72218
74097
51791
85307
28891
94451
48754
93346
10793
86382
8491
51616
2621
87770
20822
64921
41520
25906
96755
26222
38538
75673
84042
16094
61432
99975
92520
41759
80795
90259
30055
9525
61469
59263
72203
99853
51423
1851
80233
86553
73518
59415
39778
4744
19829
96456
99341
54785
45803
45974
98483
89116
8653
70080
40212
15197
53606
2892
64967
93998
27210
27375
26526
59640
52258
94741
29352
18493
98818
16110
87952
56405
95415
2261
43586
73378
21564
61630
9806
22002
28491
25948
69349
29586
89840
12236
37440
76618
42457
61281
45761
24920
52810
46317
71697
54860
36270
3784
62600
59998
73223
63616
13003
51527
76422
58078
65455
96738
24118
59057
9531
88896
21043
17049
22476
62370
29464
19153
83347
22775
52118
65850
10361
17779
26496
62433
42594
74824
39747
94764
22991
49315
52116
68262
78429
81637
39873
17124
5004
44316
74089
37139
17050
75454
72135
57056
19789
2626
17546
99716
24111
33755
23552
18218
72019
4817
53232
51103
15191
35453
1127
58196
55874
47297
79723
81011
18092
52323
89611
2812
73405
33540
34647
36762
71981
26048
364
551
32843
50436
78631
29080
62297
19399
80827
27814
89589
15783
11198
69915
1714
90690
85214
85462
26340
69165
9264
88986
31483
17139
6409
3897
36039
31694
54309
62264
50650
99931
23589
3392
82795
69565
26902
33249
16822
63281
9484
91234
4384
75945
20334
41257
49209
34312
43018
18339
23642
47993
93801
5649
2542
41676
7261
29232
42541
47437
27319
99
3171
94370
50134
61759
79312
82146
1178
47667
19720
82253
15862
50610
78747
50155
77187
670
46830
78277
75441
32818
90184
72474
97080
73195
28073
33983
11277
63381
31348
19159
83697
55918
97230
20874
17699
72729
89567
90309
97750
38818
93429
6926
35005
54569
18375
72897
55746
49004
61687
29260
9910
73845
96785
86052
2050
15229
91920
54274
70333
10203
83264
47646
54550
70158
46846
93926
57649
14818
75355
48347
79343
16194
10143
95976
52229
12667
43531
57087
36207
92361
45047
7122
77085
57057
93465
42091
39371
99769
99687
9225
69839
68119
468
23703
17996
88533
18902
21867
90659
51950
38281
43576
2025
89032
876
69488
4083
52414
27656
36025
89037
36776
56401
47114
71595
35913
20966
38659
80887
52533
44754
19879
47113
29821
69141
81847
18453
92792
55484
65003
16925
55504
87788
45967
18247
48007
81183
10713
29450
69764
70405
22467
48610
65021
37771
93065
45539
88642
99673
74752
2154
31492
96469
98064
12558
11776
14822
69072
70325
84492
39379
55613
50308
49789
33609
15542
26767
91698
73755
86871
98158
67745
34308
13424
94960
6524
22216
56066
33193
17760
30232
37077
44519
68058
74356
76281
19267
8181
4907
35927
80338
100
11871
92722
18107
95720
97283
43936
37059
59775
31334
3775
24324
35723
3273
79382
92412
87514
29068
84265
10369
40470
35079
24632
60723
2251
75316
9621
6506
76592
13066
11840
90734
26292
31811
25824
84646
43207
35519
73856
96968
47426
74722
48676
22607
49491
17305
84775
65258
25225
89594
94387
52272
53273
29897
71131
12882
843
37783
38712
87849
29764
98084
86398
92079
11984
86981
33499
58729
39979
29793
16236
96481
6381
14773
79515
83795
83088
49176
7352
70557
447
12216
83539
42361
72989
54243
86996
68455
5966
42530
84439
96835
8230
8160
89351
67607
17036
63080
7318
92201
78315
73324
47158
24052
12725
71234
73463
58708
37652
6377
72445
51387
92367
92617
2749
45121
70229
79256
50133
66840
79273
48537
23813
48349
11914
36095
27502
82026
88509
17840
45125
25897
78073
56996
595
46211
21295
40973
70924
61431
32948
73136
37066
40038
24461
81649
25254
64426
42806
76429
83571
65703
43855
18337
30327
68218
59651
65352
71270
79854
59126
58049
86077
97773
9514
34415
59159
88787
17678
66841
91407
50047
15940
46898
56211
10851
7277
49076
29346
63930
67124
63461
14594
92537
92787
9244
77216
7710
42342
83357
30853
28197
55050
41823
53169
12890
85137
87790
24310
77896
60582
21324
99572
90224
32023
96627
27916
77333
90372
1334
23140
76820
73154
9285
37078
8658
22475
21359
8981
11789
22246
69314
98397
89204
91279
67438
37525
24626
74947
5671
99044
46054
52619
54345
59501
63598
96962
82870
9833
9986
94788
31611
36736
24765
28213
52657
38979
78421
36395
13343
37448
17548
38489
32924
79779
84127
47416
83634
57470
28700
90740
94206
19221
16304
34161
59636
86320
44542
31481
99648
45374
63820
56579
74887
21706
75287
29856
43436
33021
34535
73637
89422
44464
28414
46128
76654
59691
70697
59994
73903
92063
19353
93816
34838
62781
67819
93037
54321
53329
68899
96559
10804
24894
10232
81684
24222
16087
61160
7577
82970
36184
15884
22318
37825
5343
47463
59554
94461
89033
28472
29767
11305
73069
40111
53474
75540
23951
95867
91633
42468
16611
5697
56793
26423
45759
27626
13739
23076
53179
19988
82674
85280
85095
99560
61563
7741
37193
21099
45793
57581
89265
93966
96501
85380
36923
64000
16359
15643
16289
71492
13619
42801
91386
88125
46346
39116
3667
96389
62300
49693
84905
95805
20575
6530
83872
39999
49983
86756
68002
94671
40386
38657
46359
49040
12374
34180
45822
86579
71866
27984
73414
42730
11718
51324
45835
63834
79319
82136
15568
54511
43995
28461
30741
77225
90389
26115
55157
69620
79214
53308
46943
23734
94937
73885
52527
95554
80992
82989
58121
44649
13936
56406
62225
4720
71326
49865
83145
2620
93524
67486
59368
88362
35036
67929
75795
99483
2440
63335
5371
4685
59484
91240
75444
50085
30873
10663
57677
99623
45958
51684
16912
84264
49853
99634
26519
44059
46255
98588
4553
92616
26101
94915
61584
53307
18420
54723
45400
30200
2092
82163
44103
98188
29981
15851
46771
33438
24887
62432
50404
3909
45052
5259
67784
87123
19892
39688
94028
33807
92077
10905
29790
93856
53357
88074
34492
60293
42486
96144
10616
71874
6964
74987
68651
47029
92454
62059
39090
47879
2470
98094
46826
44094
81271
89351
31236
29902
33162
85595
30212
4623
2413
61412
29340
60234
11505
54392
42976
43214
45238
65828
2950
62559
35029
23762
19068
27982
47593
394
49733
32067
10299
54965
80017
695
43113
88796
69688
83742
61459
67311
20883
17505
13889
90690
81400
57194
34452
72113
41008
94136
66120
81732
12822
93267
8802
89197
78222
89817
5596
64174
1183
6103
96714
69944
42575
36819
21608
74959
60089
97606
51202
57513
38061
8871
77567
94069
93477
44034
86955
82808
35936
10120
94624
70834
11709
43680
85008
57215
80725
8827
3282
71802
53684
9445
42118
85180
82614
38552
64007
76098
61115
72746
26092
10892
47238
39142
99034
76450
61272
86552
16714
29297
55107
7906
40946
47923
58030
79884
25747
49933
64996
13080
38783
94834
24153
19955
24517
70052
52891
92232
73274
26
16784
51855
26085
33214
50706
33794
48742
54605
45028
17935
48996
97153
7599
52074
72403
1228
94013
88634
27839
26618
32305
73844
18455
84697
42529
44933
6040
68597
11474
78824
93301
48988
58447
70391
608
15040
55941
38590
68056
92827
81277
79052
18447
87148
99222
67427
92022
6591
9951
42830
62855
107
1775
47506
35823
32597
34561
93277
87318
46898
77423
90716
39916
19530
90345
584
39986
15352
59922
87424
51202
38894
30296
25234
96252
40341
57102
12018
82895
13906
99431
50701
38848
39428
86833
17368
46393
67945
40140
54241
13649
33216
70726
81959
33972
94602
40852
94086
46639
89706
29583
84330
70106
55019
58952
26917
48834
75873
60361
54523
41874
47623
80074
36186
92893
42600
69517
71464
56267
40921
39830
22708
52798
56195
23594
39054
33055
71582
99171
68243
55178
70169
45358
47169
75123
52887
90082
73257
79315
50579
78492
12258
48211
61284
74427
88569
85203
10107
45269
11078
59448
12745
69780
29179
88112
59454
76017
54358
94211
13356
32171
19957
81592
22506
8164
49129
7840
40020
23737
82178
49571
64016
64891
89770
37894
58955
5423
41423
9590
70306
31006
13528
70708
59005
61177
3704
85148
16149
93614
1792
39059
37206
19391
56111
35788
89728
44069
38245
86008
35656
90369
66229
17768
50715
61850
14553
78336
50562
1048
53503
38201
9280
12860
58336
72563
49881
82554
9937
55382
18029
51508
15187
48035
94050
37364
62278
12284
11008
19557
5690
2412
65237
59535
72165
23764
36089
22349
56977
50643
74123
99117
39085
66257
32506
22595
7683
28873
45313
92170
9354
11665
99050
58744
3506
6087
83603
45757
24476
95193
61549
7320
48428
63185
57121
94998
23511
22716
94029
14376
29110
14005
6604
24768
12829
40114
32852
35463
1189
55946
79641
42302
50309
53474
49839
81423
66816
48563
45420
815
40151
57722
84172
28050
78751
40060
19790
69131
89677
1139
20988
40159
35054
77657
52360
37253
2324
36272
90385
508
3082
49579
63077
42664
85384
60253
48480
55435
51042
69244
49395
43580
94779
43249
58208
10055
81015
27455
1154
54529
37933
22926
77161
19686
49212
73203
40323
16752
44341
91006
60278
39478
65589
33119
56297
28575
80854
81845
33091
99809
52508
48693
31307
48123
66058
89971
11054
6635
64311
13520
99423
74924
50299
92417
9561
60208
64323
16279
98784
67638
94052
28112
10758
10888
44716
28762
96457
86356
3508
86079
43545
17765
44913
12049
62424
71581
6314
39028
81498
33169
27748
23298
35947
18849
19513
96479
60432
84371
18376
68570
86085
29066
70789
41052
81862
44584
95761
68112
59849
14301
32292
70735
1224
32971
54215
21606
93085
88120
54366
66055
62183
94671
23554
77737
63273
8819
8045
63645
24848
99041
36558
91054
69973
71201
84061
36724
94233
92392
8649
54901
94221
46542
83788
16312
57908
97159
59712
49768
50464
71872
92906
16353
75609
98455
30901
37402
38940
53399
93722
4142
24480
4527
6811
12073
10036
80526
61519
19180
96964
45502
55703
56286
22330
92346
42383
3183
19168
31052
90209
37737
43012
80136
49811
45237
43733
10111
62144
47559
61546
20192
70852
97800
32418
58961
19473
37566
54214
96198
22591
378
45354
20764
91809
58877
13266
3733
55218
18599
84081
38544
13677
99998
68141
85572
81436
11064
45823
41753
79785
37158
94550
91715
56208
30141
14171
54139
71349
25185
58510
70076
90546
67216
35952
81015
5385
69704
92314
94996
17368
11734
77675
19590
54698
30876
44831
92297
12425
9918
17082
34522
13138
80810
99524
58547
88865
94593
85134
59105
37643
86118
67954
61444
48331
10210
24345
55139
3508
52978
34935
72298
68965
5870
81456
90945
7290
91478
80286
35562
61279
42842
49994
57014
49247
83847
59032
28068
94651
57353
53407
44375
71831
99842
6293
55411
65550
92101
47402
26740
62309
22479
1163
80587
49853
91331
42215
54678
24578
47776
65294
96155
87841
59330
74804
65249
59990
32273
23413
23307
31875
90249
91667
39313
24348
71047
92347
81404
87455
92557
10022
6206
80706
40819
84955
48012
84421
26506
44306
74522
34662
7310
99859
32977
57363
51591
6236
60335
87066
62012
65441
60891
34364
31669
98158
70147
23808
68683
30504
6292
76835
60110
29170
71381
83053
7026
20300
9281
5728
68663
58325
83647
38986
5140
98481
97631
48505
39552
85701
58611
93998
45884
9823
70056
17546
99136
35795
65728
75141
39873
80704
94894
19805
9371
93362
24333
39595
14529
73344
12060
42514
12862
40693
83930
14897
37479
94892
50842
90488
22975
75284
43139
26967
32582
83155
8999
69265
13599
25799
92990
5807
40541
680
26878
49905
39945
92009
377
19488
35826
69277
55155
14687
44306
56790
25695
84352
99289
89960
8053
42291
93497
45324
25778
44536
1485
77089
36748
47030
91718
54029
92847
92452
37139
2274
15641
52452
33324
63995
9551
47152
22843
90757
20410
57100
47848
5947
46242
92475
31200
937
23333
8558
30145
30130
27091
3383
5956
95469
49673
32956
17160
13610
80393
4806
45207
94483
32626
54489
38775
46925
64929
40254
19503
12990
91108
33564
83763
68104
39798
95654
21327
19283
84221
89997
34636
62825
81308
80214
46946
65627
24468
58663
45306
96737
61886
97338
55389
58815
51870
11348
39103
47491
57861
32783
91874
90218
96805
64692
35145
56098
33425
12324
87482
20778
44881
23317
2990
60086
59103
2522
18712
33647
58465
87867
70607
2647
97795
14372
61690
62314
98096
64345
3511
61568
89229
96103
15816
97103
59122
78678
52379
53133
30822
50587
41333
67859
88438
41193
87866
2365
66385
95399
3099
7437
65475
70813
45596
29360
19116
64968
77185
84664
82332
40365
53045
48137
29390
99818
69622
56111
49502
92264
42208
39532
11144
29325
69428
78704
25727
83406
44389
82241
26310
88129
66752
32826
70862
3568
11605
83471
4205
21961
2918
33902
75671
75411
31370
22113
50492
32252
33215
68848
46046
47341
15498
57508
10189
63583
14412
41382
39584
66374
3171
46374
55538
4139
6873
66520
94839
95640
46541
37240
74298
12781
67901
7022
17716
16527
4493
46285
71115
62624
55862
80565
55141
95978
46894
43192
76711
56020
69327
27450
34734
83735
90343
72881
56425
94379
38300
4108
49457
5978
91674
54672
53319
48886
20410
10269
50600
91078
14864
15120
75183
79195
87057
70626
79335
41089
29663
2349
41931
54514
41299
14126
64029
1796
58438
44198
36159
52163
88860
81018
43953
72825
97357
66779
93543
77801
75921
87840
83910
58171
15368
32015
57660
85457
2947
56026
33657
72696
4050
84166
66061
48539
11947
60647
78527
98610
35348
18888
9128
40631
56173
83238
69194
11961
62237
81244
65552
28489
14455
26617
19779
12978
74056
47597
28165
57830
14176
37219
61006
12659
2843
80488
28833
33588
65291
74954
70283
18052
45764
17179
42583
50733
7331
96405
4944
57854
25980
39383
32276
93788
18207
89454
59826
83887
93349
9711
74080
41277
38461
42528
8571
22292
50318
92310
66235
12481
30632
47129
37074
16574
34347
40036
52834
2631
3539
46409
42712
22253
53599
11281
52745
38884
95069
37057
37671
37271
96211
70680
18047
75611
85388
12981
72499
81985
27454
70773
67599
62821
58324
13434
43626
23076
81501
16423
10139
48714
36815
65799
64117
64873
26137
18094
20865
79558
20421
45720
67895
91437
97862
59085
14840
76068
24195
36678
87242
35581
28895
92713
66065
79718
61477
32367
999
29818
2637
51399
28728
83546
6125
80628
65660
46934
21055
10769
32017
55653
1291
84725
69621
69013
58929
74226
93565
26332
94581
90871
15861
6765
31463
76117
25877
15462
8781
42270
27995
88901
87216
2409
65515
73659
25696
8626
91840
45849
31685
77823
21165
90663
60675
286
88309
44052
40489
63337
73827
27719
36982
80748
15815
47507
54408
97437
90350
74346
61250
98249
30749
96392
92345
74640
36649
43344
18044
10535
14677
38293
29214
38459
92297
10062
5858
95637
63244
60268
26081
52313
41694
93512
14938
38760
60437
23925
2295
81510
22898
61045
33047
6998
62430
12840
39678
9985
75462
12991
59317
36405
52400
58894
94559
66634
37625
31295
20666
84960
73101
93059
25486
61060
36098
32164
4085
87953
83058
99607
61255
78868
94259
96717
76097
24584
53972
36840
68753
93183
75542
46250
76640
92354
52772
94600
92764
20591
99057
65342
23489
90626
59917
33597
65604
72367
91267
91999
27964
29355
93170
11067
14349
81066
81030
70420
72434
33890
88435
35116
26342
88047
77101
13269
93999
84048
66534
72904
51880
32271
66597
16975
18410
1694
34911
34940
26614
34461
42421
31261
40321
11608
33482
85959
43005
86924
90271
96623
1279
5162
15565
54584
94002
56276
85631
97350
15672
15237
18185
32913
68024
2189
4552
67669
24681
37370
91640
43750
85369
722
20204
45889
88826
75613
23469
4350
78378
28799
31890
71554
11965
81475
93657
27408
88105
39059
1151
68607
76430
79364
81346
43111
29376
57966
14672
8149
68498
59129
88427
44959
34881
19443
73788
22641
25274
63166
63952
39237
9865
80583
31571
84688
8063
18384
520
74393
28895
39504
97987
99174
27397
22576
87939
79
84595
98198
76143
15219
53114
36862
50700
93929
60097
78980
17304
4655
29909
51551
8038
1758
41645
74791
42422
47327
35481
62967
44720
66774
49319
65966
45949
96348
37745
16175
7363
41196
97478
99976
22523
16595
7603
29103
95440
59690
77198
17416
88598
76703
16831
35780
44036
36719
53548
19620
31759
61841
12575
36091
42149
37292
7478
27153
2179
95528
17574
2340
59475
21954
62381
99176
13766
98137
46675
17263
10122
55653
41756
89508
80360
64775
51629
2193
46621
20923
97368
6849
30130
2347
69893
23264
90970
66013
86015
71774
40615
67309
38393
47410
30282
56309
53051
96027
59653
64488
43725
90434
15406
99646
22302
47195
83587
91817
19281
84299
54437
77223
79269
88899
41011
23472
60864
50474
84867
99087
47959
96313
70366
20846
9373
84799
5081
39882
52357
84389
89260
27653
47637
13132
37041
59546
93705
26450
70715
9451
51457
91732
83249
27862
93993
61197
80037
15142
33059
35901
86293
24006
63154
46405
77245
5040
67557
67342
22550
67012
99071
77385
39119
30740
43647
45489
92327
62812
59473
16877
7428
22319
38672
6993
49172
94348
61494
13700
73021
14383
21345
75677
70723
14276
52772
22822
66774
2199
89255
74691
44404
83495
11772
34732
20130
17881
30912
31925
87683
40680
95753
68462
36850
4761
71026
69767
27458
87565
33632
73260
34448
32336
50672
89166
18337
28719
28320
26337
66846
57894
82678
13794
29640
82231
33585
88305
86809
86487
71178
54844
96185
54498
93446
99324
94297
8239
25435
14552
70416
93470
68700
11367
72048
89229
46275
16532
74820
61930
10362
76378
29960
15875
87303
39822
91653
16313
68497
36700
34344
5811
39699
60586
27965
71183
50940
56953
25229
64851
85215
93993
95473
67266
92350
46524
53618
46314
31503
57587
57695
18553
25384
21396
29706
74704
67052
6669
8992
89616
89458
54387
48930
15953
32782
79331
51652
55410
15902
29513
19298
10538
38867
55519
32378
39517
93658
44685
67210
94826
22374
28335
33671
4129
2492
33716
40471
65810
46683
68706
53580
66720
88997
20791
69565
58581
6511
22923
21250
12815
81473
45233
13003
57208
42026
72860
73246
45203
58531
61502
61804
62034
24222
62572
76111
25285
44491
83517
25858
51373
41990
93873
5277
89262
97857
43855
52171
75523
59530
89222
88650
11563
76792
38197
92094
33601
96983
10758
30802
1193
3662
51828
12172
54182
90473
11054
57036
35433
33384
97300
28577
47396
80387
50046
16616
31741
856
7292
28834
67998
45107
60728
39824
9641
30169
51288
78925
42376
57008
30079
17705
88418
45934
53715
49758
18410
34461
53017
4785
9938
44840
9948
3622
13789
51781
64365
98464
47409
2527
28677
53012
25611
76318
97157
96520
58637
44821
40126
3214
34994
50120
42477
1367
15171
94392
6974
15862
90626
70669
58097
96210
34082
11551
52218
83751
18682
64288
90434
4921
17135
53513
37452
56214
66926
80640
274
61767
80539
12675
97805
8691
86467
29556
54515
27025
86990
22944
78938
64487
46001
25357
40475
45348
16736
30144
17362
55542
89888
99433
34018
55496
57529
97804
2133
23356
80619
92940
43745
47233
37368
89781
11430
24913
22495
23558
46868
69130
4841
218
90186
56679
53660
74738
79769
64986
53293
67936
43047
69640
38706
19346
17423
74753
48405
13433
91909
48762
14693
34358
57015
40617
4647
44384
41359
42268
60938
13748
73814
32759
90007
67449
67603
84392
13863
56302
37936
35400
30670
78643
56061
8753
68982
24401
69678
34646
52199
70247
50943
90724
80737
80530
72313
25971
27020
82968
34124
17544
40263
63760
46844
66987
19037
6226
93624
4095
68565
38519
41029
66115
14280
99692
3385
42661
45934
13785
39043
14334
36369
84904
30984
24941
38947
44628
62153
93108
39340
83536
70624
53769
62331
74576
11529
79226
48925
5208
50110
34497
61772
61792
87770
50367
58815
94976
7679
71800
30111
29214
14962
46314
87769
9297
12772
82059
34671
20816
21740
14399
2602
21340
82608
21299
73098
73767
84611
75993
92605
98464
62184
43872
20430
92509
43124
88686
4789
28259
43730
92445
73005
68884
88704
63696
46338
47029
89526
29361
79241
75227
58215
61608
94666
50898
8192
89657
37528
49674
53517
41115
28065
4670
49275
54353
37952
79170
7736
29095
78768
47432
57558
17770
10491
99023
56143
66500
49009
23433
6531
23986
16916
9928
59388
59300
59216
69764
77298
86161
7144
1259
5291
36597
94251
19685
27066
54056
27334
70659
21416
23579
97587
50372
55536
34961
83343
21220
26532
72728
56457
14465
91726
41124
3413
80074
83793
9094
29633
81991
70733
59630
61663
32896
30528
77402
71553
42699
33002
87801
58659
20244
77098
50240
27202
45291
52516
54696
59339
37349
57060
88483
75598
61840
15355
26553
52304
47576
66696
83203
43808
77934
11059
41955
10561
32123
76850
28894
45286
59521
4590
8503
68093
88202
66944
53610
25410
74448
6325
60193
27732
52040
26097
95542
83172
34475
85904
4038
27593
53347
10951
90702
50225
68462
43464
80165
54258
43282
8196
90774
57535
39326
81259
41752
18550
59096
8112
32395
75670
34248
29512
1457
48141
58272
32240
10823
41295
37798
42382
41663
20516
80800
62992
62140
55928
46203
62897
49992
85110
71288
64602
9333
7406
70292
87941
76462
46323
92274
49724
12698
72098
42343
69216
68973
4508
91329
82982
57642
15988
38549
52092
9496
56164
50499
71785
74176
80218
4969
98482
7233
848
66817
95096
56080
55993
98007
13279
1423
43031
74444
57610
52296
59082
31936
98882
16359
64419
16831
58229
98161
38614
6635
51899
90533
49742
38753
212
41614
86714
67979
64334
16834
88645
8929
74722
51034
45156
48061
36861
621
9064
65210
65789
97707
56659
27688
59857
27892
8903
56303
28867
41171
68410
32220
29586
86746
43590
14797
54007
84059
68317
56021
12937
7200
41753
83565
58204
37927
41137
67736
47300
98238
56808
83056
73016
86775
26048
32466
49426
98504
65708
8451
70291
11041
99810
126
16002
78411
12079
49083
93941
25370
28773
53725
73160
36814
77584
94072
21514
69484
71878
72028
94872
40404
19964
66051
69601
71326
68117
97587
75080
97014
35061
46353
45448
93905
36276
86627
31762
76651
43503
56511
2033
84095
49848
75509
76367
80418
53773
51253
89136
11900
91046
39583
35004
64996
94408
72998
78459
5495
78359
49183
55224
56308
47848
6572
99208
24887
90676
78975
81220
63856
26312
96301
10897
82239
6041
15185
14337
63983
5814
60858
80051
90220
52118
96595
55381
39010
87023
59308
10089
32083
71272
1834
86118
44853
83559
7016
38581
23622
90532
70152
48156
94604
61407
37626
72632
10414
46669
31719
36227
88424
97133
41530
26837
73039
41880
50636
63078
31138
77847
93323
29905
54728
26671
28327
55253
17996
55255
38489
93461
34354
38762
7152
73343
66229
78776
83768
7210
9438
92791
14857
60984
47395
58038
91146
93371
98105
91282
47040
51540
43128
92066
14647
90422
8106
52557
12907
37321
66959
37948
66739
77675
14320
28329
16395
84753
33533
12886
60157
25003
12101
36091
37867
28805
53938
53463
30780
67529
82527
62055
56961
29474
1495
67093
14690
75804
10156
22760
82665
3911
27472
11161
46571
46906
63187
1702
48078
56821
76793
49727
13756
25022
64887
34365
41091
68045
59338
39570
33542
1539
79541
77980
88003
15125
11797
62196
61121
78567
68962
65731
69590
64851
8132
97747
91731
26120
13359
7619
97645
75183
48509
67189
90793
20137
44455
76257
84355
66581
80832
109
61850
10990
50701
48276
61115
21392
91492
81442
26281
37691
65985
7970
81574
90576
9215
16878
7809
97368
79577
22790
29852
79524
38845
26973
58552
72591
21385
75308
83039
27808
74342
37033
7822
39724
82749
33747
42749
91864
77946
22852
61389
41596
12188
3209
9741
84386
8373
80462
31848
75342
71269
54546
65486
11896
68877
63610
58333
52724
16786
84194
92877
61907
61361
89933
9397
95970
58265
25181
26941
13232
84201
89918
38241
78062
47815
18109
8254
31951
7866
7511
18620
94254
78661
55596
15960
24910
69825
23122
33293
28124
75349
70981
96639
12689
4629
97148
49443
25429
65332
46263
70766
91197
80838
94740
40473
14421
82359
34529
24910
20824
65026
78156
66321
64220
21647
90807
686
31883
75629
31495
54747
6795
78439
33819
57801
54303
70661
81913
34381
20999
48418
83204
32549
55587
56422
25418
36777
57397
43583
42906
91632
68035
29537
9394
5276
22620
23351
45015
95971
14962
15972
98334
90651
12645
75515
41159
39616
54337
88247
80201
4837
32990
47320
42664
12502
27077
71323
72355
52741
26866
99444
1258
14809
86868
85962
68589
58767
22258
46448
17456
30220
40616
20764
13851
72544
31342
22885
28653
93048
43258
32158
46416
23937
54332
40841
18151
10580
15015
75674
33284
44770
92912
7305
70839
39997
10766
19443
55873
52416
63554
3246
10055
14428
69584
47079
68449
86433
35659
38906
7122
93765
62830
31757
31602
66804
37095
554
33766
6900
9550
67863
28145
52499
95987
19699
80932
51055
3606
97327
13618
44738
14480
79462
82207
66152
72303
30138
45526
47663
3198
50157
7064
64346
8290
55770
6802
53106
65761
12814
12776
41129
2974
35397
59982
36940
41055
15493
23126
45540
49104
97873
84675
20713
74528
48107
50364
70660
20552
73098
36860
65151
58892
72307
68838
60012
80314
7479
75285
13519
47344
43561
43666
47144
25498
52666
67455
17249
62264
38547
40144
91696
55518
18414
79449
10313
59126
97074
21410
66372
88352
13705
35000
22310
44473
96415
3965
26991
81689
43257
99103
1119
41910
73264
50886
35717
24711
61065
43495
89446
63491
29074
9558
45350
74087
95994
44568
17207
60790
63182
70838
71259
43546
27884
77165
83799
32841
62757
34819
87926
23780
70708
94388
51158
59001
72758
46730
87188
8520
55077
23563
78351
74690
27893
7596
17595
50989
43945
7684
39717
65316
63571
87419
80702
30395
61127
35329
96966
61857
19962
52603
50870
94046
956
24631
87657
27164
2063
22497
37448
17313
19907
27471
71473
2362
75280
84183
33187
40212
48111
87392
20201
12004
854
62677
39008
46631
94926
23222
90183
4227
40850
41129
28962
49708
66085
99182
11083
13026
64560
88080
73910
92312
54936
70807
86110
32304
46232
34426
23377
70081
29952
62929
17493
7034
31018
30505
69814
42337
26548
84113
49518
36692
23583
51601
32751
39761
88835
84187
30960
31729
65901
81657
12209
22190
1558
9798
20300
71750
16801
28505
27706
83256
3888
96411
9663
31819
5091
2522
58132
29645
16559
60918
4879
43417
80343
39416
58737
36786
19338
515
66988
88652
15705
62402
62766
87786
56850
10497
14958
80289
66845
92728
11986
66876
83283
94722
52539
20857
91798
35340
11406
32496
82386
98024
63679
89748
15086
90337
46780
46162
89518
54249
58611
96151
48456
91535
27137
32238
4192
47628
56472
89222
26435
14396
95244
56177
29725
89354
33947
18217
23031
42627
72215
96270
26928
25453
39505
42763
85047
39505
21155
8726
34530
84979
92153
54293
3534
27202
38941
31102
19028
95051
3071
58743
80676
61352
43805
75420
54721
92374
3860
54463
36665
93796
91747
4778
45919
89191
57240
15008
87814
45226
47642
80833
66460
81251
40179
92140
8096
58657
63511
6143
71458
15073
35285
43706
98070
45472
90681
88769
44565
86699
96475
33024
42192
35474
89512
55241
21265
18587
55082
36792
13904
24786
8855
26104
45870
30174
179
36543
19090
5199
60355
51668
20318
86548
15728
7889
17293
82601
5747
86595
21259
90605
30083
38894
83696
17841
71928
60750
58555
17901
15835
68024
90312
10445
62892
97151
58445
15944
25359
94322
68119
52529
71636
73730
71387
66406
52834
52514
77627
96422
89344
49031
95800
40192
15232
40431
60239
63878
89992
74238
28785
31392
73085
24131
9698
18397
110
67353
54894
88997
76762
94665
35
39401
20640
76461
28975
22684
61345
91375
36759
87963
85844
12240
4688
64327
24326
78885
92638
70516
53931
7228
36007
99865
66789
6940
97715
52392
5232
65194
12291
98552
65608
41128
96138
47101
58264
24792
42444
35578
22976
87390
17746
94316
53346
77347
6087
10247
2217
85622
80371
42015
70582
71981
7441
3325
6440
47753
33262
89489
30151
95127
75041
12134
47790
31411
23809
88273
64787
74439
62472
35395
45715
41425
10658
65822
51455
38435
93809
43396
54589
34244
37569
18763
37757
49236
23971
749
18233
40908
23240
49532
55719
75460
19164
84019
45054
46478
88988
16807
50595
23551
28725
41244
74255
87822
17851
50708
54366
22389
54594
50754
62871
75125
6557
87357
61331
64886
42289
84912
63340
24139
32116
63118
68003
46420
27015
25123
83758
76637
66030
4389
79484
53636
14440
5801
46214
76792
55791
61714
63797
45916
23086
32869
40458
84715
95770
57176
63917
23062
6478
52552
42069
29289
31399
39626
1520
46187
38168
38169
27601
18852
42987
36206
25524
55673
53365
9870
52334
30803
84181
33821
81813
765
16585
64784
1001
13612
29804
12576
96127
17337
65712
56891
20072
65354
34740
17396
49762
89807
74242
58074
93338
23591
82632
22375
99645
45507
72656
10191
40570
55138
6078
67736
48917
23420
2086
67688
84362
2235
76680
2650
94140
47394
68809
89963
5850
37297
7663
99505
93644
67009
25432
2890
11424
16682
46072
83250
46283
82661
93677
57167
58750
53259
13568
93415
58375
9340
4731
11089
10977
58779
32513
72009
36089
62870
95727
67420
83005
50020
10093
67907
11715
57384
10992
31853
36916
68818
13871
79381
89619
27492
4160
65843
73838
98225
88079
19342
37696
62625
19610
93007
92000
24914
38124
27249
62985
47257
65908
90324
12039
27974
97153
17776
26523
66341
15868
15879
19787
7361
57186
98995
2697
67171
63677
36671
95166
10808
95294
72914
55411
90224
14041
36229
22588
16323
49276
13622
65762
12622
32621
93045
3243
3579
69120
55740
98151
11135
5074
45979
11034
24860
4516
59313
9793
32839
15063
84247
78051
4356
51073
90102
60406
62381
98602
60697
59882
71121
57094
92797
84022
65210
25230
19108
57245
25063
81533
16425
21212
62263
26788
70478
11827
48103
23882
30802
89646
51
80100
44766
43951
92953
51149
61630
15738
70459
39586
6541
86013
71234
13052
49065
58329
1984
39083
66789
13137
78382
51628
91965
19950
82100
46023
39332
38348
85639
67911
24314
86789
47692
77494
44282
48312
13499
35349
30319
95830
62
23861
82310
4873
71641
85909
92862
8673
92516
24280
28060
11419
97748
10466
65339
95856
4440
65135
59009
49784
3134
36240
1165
52666
83829
21347
78381
68721
25550
15597
46827
80028
1532
30551
47495
58498
55418
90499
63808
80927
24523
9481
64588
66416
73885
67730
71144
71511
62215
60432
87177
8364
95441
15288
98928
42016
62739
63933
1723
69678
12502
25866
21849
91297
75734
73372
36598
60860
58281
48474
29172
57866
71225
2577
93434
18915
65357
20336
45734
74359
68710
38333
23487
84314
50021
18995
76390
93772
36170
729
30890
22276
74999
48479
56826
49528
6290
15191
52085
63851
6346
37262
63613
67092
69521
11942
9802
49223
93160
93841
21147
63875
1656
3852
20040
60151
41660
25174
27059
67217
28477
50571
87900
18725
42037
29665
22068
2678
76276
36894
13353
80932
5153
5556
28128
39058
69048
79131
37728
86802
38386
56585
71915
98672
71650
54288
91720
96248
87740
94580
26299
42533
64240
99943
42583
72615
8884
89699
91370
37935
78527
96708
60118
20954
9202
91487
59199
29304
63121
13923
64992
13016
21263
21355
60376
65234
9800
67004
27970
97616
98311
34657
65251
78489
32328
24289
61021
99548
25400
87706
29696
39894
45016
56412
44511
12353
8161
25572
9984
87001
21377
24467
42445
44107
34211
66955
14760
95644
41581
41350
86204
7379
35779
49778
18382
18180
42697
69677
87442
16218
27525
15641
2778
92288
53475
20028
43017
10477
11826
3638
52646
26090
523
98816
47436
25536
23570
12702
40350
12355
43446
91264
72184
48629
75058
48731
63233
51896
12086
46078
13948
68916
2815
94100
86941
97793
69442
35606
8056
55026
51753
75338
28950
55294
64340
18044
97185
4652
25345
247
47071
63834
24006
4607
18395
64042
16730
24238
52030
60746
80819
1130
29
31422
15499
33792
70028
3020
32860
9503
74000
63460
61514
55475
98482
47210
27072
84284
60848
80130
31378
40906
75565
5494
49601
69527
98441
3879
4446
22434
66315
17421
23910
99843
49114
65037
171
98832
68907
94422
27251
87531
949
60056
62937
81733
51488
64386
87826
96692
68700
822
95082
6796
25230
49483
45389
54973
55781
89726
78977
68008
94507
67703
75024
4927
51255
49875
13124
15576
38079
66675
80875
77518
21994
69856
76250
64405
33796
73530
10382
46104
87307
37596
49357
69232
95206
30829
44587
85282
21333
83237
32745
46614
37763
20057
81240
79408
95416
74534
54202
19757
43915
76438
64937
22396
99317
33810
87154
80630
21888
69541
6585
53851
59103
39176
80416
46347
94615
91503
9474
90941
41627
43183
23001
22816
24309
32330
50527
6219
18976
33497
44402
98211
31891
37780
40113
69417
29048
23393
23331
60637
10074
36727
99735
80211
9852
60974
82981
34448
65767
13542
531
53409
97724
20208
14420
20952
35719
88284
15564
46437
8596
17504
8590
19853
6620
99201
34726
67881
7799
58177
84114
87677
80501
50662
56971
11603
33096
43331
51266
63059
94841
21029
51941
36802
85627
61916
98592
70485
74365
56772
22976
98128
5592
73295
13972
59359
74056
33392
53004
48527
29720
6535
99715
35242
67030
70052
38137
82830
95301
99226
4153
1001
66354
96545
80762
2963
69214
82695
61152
81544
93753
38869
22562
26561
28080
9146
46374
77389
45565
6710
521
31441
12509
71045
59963
89049
5728
20198
93510
45369
34361
82214
11567
35205
56052
50126
80438
13386
94663
80358
89336
21447
17217
32228
30996
29611
64928
55317
25930
28108
20511
43143
3230
31969
21259
93521
52476
39005
8151
79039
79894
70697
44198
29245
20457
35164
53125
20928
51774
43449
93755
33868
29068
83046
6904
34341
13754
74532
4715
1109
76930
88656
16240
69878
47473
13397
86662
61085
90475
86763
57727
56676
41932
65072
54608
38419
53033
24705
82472
29514
85525
19990
52446
64236
33408
57815
84643
59243
23289
33439
98134
35885
55316
83211
21878
24664
77094
17503
55634
60799
33677
57846
12572
13961
28141
4899
78973
99610
15317
51977
27362
79200
62336
87539
46291
94748
42296
49841
54052
96907
22708
44879
30245
68593
77506
61716
86932
42881
97056
94708
85363
90058
11396
47602
11283
87137
39452
81654
8143
80167
49008
35943
19446
77208
57123
14245
43040
86928
19064
94533
9121
86073
49360
88586
85916
309
76050
56828
50063
6404
48644
61160
53420
97299
60758
69844
54343
84257
10590
34685
4907
12527
59069
96623
74440
2980
93505
26464
24903
63258
54724
67305
7550
25992
63921
770
8766
77165
5670
62841
68073
57718
25749
73647
11298
29420
30629
22959
6749
93309
11382
44524
93685
85957
50050
7126
47996
29017
86334
99384
23277
5647
61728
64273
68925
21741
72090
90028
42608
27117
41540
41887
34120
57578
64632
78621
54009
56683
33367
76952
72471
72808
58889
79479
38225
76701
7298
49551
39127
74410
48735
27265
76918
69572
82672
91152
32004
68444
64496
8253
77078
60746
48079
84801
48976
24278
87345
46342
33108
73506
80526
57826
59323
39639
20538
19089
92514
92939
17728
25390
77340
9004
23720
15118
35269
28684
41304
55002
6006
99880
49334
87559
26708
90487
52555
52115
63267
32811
38754
48317
53081
60391
66384
56673
64717
90302
26190
65456
8877
31107
21026
67912
40975
57555
78428
84597
81471
84155
41180
64163
17496
61542
64848
35999
83374
13895
58395
33225
38183
64832
24402
17976
92906
19853
19072
17866
19119
84816
52969
64134
21174
61498
47563
29169
44788
38162
22944
99433
6184
51653
39328
51169
61964
80778
88324
95513
67591
15344
63301
54872
46335
263
94787
70985
45580
40776
81281
33713
66759
82274
73742
63849
65057
39682
39583
81563
56848
33406
93623
41565
48260
16830
34856
83717
71128
28679
41267
9608
51300
11622
15180
54964
72848
90517
30489
41510
50114
87725
58585
21992
36728
18920
23649
67531
24273
16401
75457
46877
19270
46699
24518
86694
51639
31962
48921
31333
19519
9874
3684
89762
83273
21627
58420
7600
23900
44445
19001
14593
88658
2318
82859
73477
53223
25301
81223
54881
15916
89626
75319
74440
29082
73100
1552
99705
25572
50286
35989
58452
43014
96895
64792
85882
82234
43492
83393
98976
68201
10357
38055
37999
79870
9441
8731
47740
16054
67710
87684
31
83476
4145
60708
24754
59409
73590
6682
78568
944
66893
4705
83879
65840
76097
44470
10211
50842
88502
49943
65177
69562
19822
28774
48421
68235
6584
90540
28256
42315
43159
58811
40601
45198
44266
95596
24270
89838
63805
91975
99880
42751
62731
84513
70449
23169
1677
67488
14355
93871
57028
97754
2862
52404
64031
89787
42549
9629
72489
61508
52837
5353
69715
22417
41859
84829
6745
66963
23729
7925
87988
10972
301
24085
75292
1882
79175
57597
63127
44954
66908
49691
54914
79758
23603
92954
28154
64937
97108
71064
75272
24230
39840
22325
42951
81097
81457
79431
66835
92029
25774
58251
58352
14557
88555
23573
19572
6062
71835
11209
95378
57609
87987
82563
51876
33367
62877
90544
60148
15476
17397
8447
85383
45270
6052
90002
89638
80455
11030
4174
91851
52462
70842
24242
30596
69517
29814
49733
19367
17027
10756
42472
33203
60784
98828
20938
27518
58393
69183
66490
81216
4098
65614
93111
635
10136
78469
14436
89446
24625
3784
25143
47860
20650
70312
59440
42950
8912
75105
56071
56138
55643
5139
71422
10189
44052
11932
36438
14084
47256
44046
94013
47059
47092
21458
81764
63481
49648
1528
59951
4568
60776
31770
48998
35652
78357
50764
4361
42312
54187
30402
17696
44559
34395
42015
33327
51029
10649
38164
54377
39403
74712
98621
70204
18081
9169
35092
69802
55763
75746
34449
73752
17619
27283
43615
29822
38063
12979
29147
79839
75806
70978
88971
96787
92940
42920
9017
76992
92031
95234
46987
4968
52102
72573
42945
53627
27549
53818
99818
69804
51135
88690
13218
95266
24617
21811
39244
34725
63879
71593
97160
22584
82013
62072
68818
20518
6676
10436
72855
71540
78591
86964
80116
89718
14313
94763
75437
93022
11548
32566
96966
58928
46832
62884
33506
10289
16111
84015
28693
28253
50273
8953
89384
26135
33145
43121
62441
47835
9275
99477
29484
74192
89000
3474
69251
37561
89224
36550
88693
23530
87826
31655
11454
16888
83931
83964
18338
55273
53656
28969
87919
35691
65586
9640
91438
25920
62438
41042
91685
48695
73717
7326
44557
24758
22639
90304
3467
59827
85431
11411
8238
3074
76307
41265
72388
47305
99794
31806
37528
99119
12410
64389
31404
76115
66861
40634
48239
6072
71415
5983
62331
4862
36791
82402
67469
50188
76135
69347
88098
78601
25066
12884
98507
63435
86738
80281
93261
44358
18058
34926
77271
58758
53670
40360
81761
70552
10566
74260
81469
66690
9793
98811
1757
74099
76595
15655
48257
10293
87685
47327
82202
86623
52374
52302
83552
23495
66243
12770
39085
73621
68920
99729
16212
59538
81779
50133
74369
56383
50769
8856
88911
80162
31479
57579
14592
41340
71135
14192
99164
90006
18397
56951
82249
47865
35245
14213
69570
97052
44828
50833
95000
12664
50735
45737
64258
96696
45427
63441
24418
9548
21314
61707
36630
89693
92398
37618
57912
2427
1838
80736
71634
16465
83555
37968
31553
13306
88965
54974
16741
95501
75375
18346
92642
93268
67203
84859
75158
39739
25211
43584
27095
38403
43821
8754
65736
33366
75354
99797
12408
14709
58292
44509
98104
86156
55498
38317
8631
42791
25617
2683
92764
77919
22544
64592
54334
85165
9640
2859
72771
37919
14654
98917
91251
19976
81319
78319
42937
39345
20239
5111
27830
82093
18725
65226
14625
35115
67367
4243
10495
9380
92997
65698
61243
10485
93332
26215
64226
95846
14834
21342
51101
37800
36529
97989
2444
40574
70531
11751
74716
17682
83168
41085
46149
25193
66294
33803
30050
86480
4813
55910
96621
28021
90133
75189
70006
91539
69359
18933
71712
48389
80566
76406
88025
83675
21832
6499
37684
97034
48852
41599
16261
21374
50018
52618
13464
82155
62873
68196
28878
24769
94801
19272
44213
62942
70422
56409
35906
445
97173
44859
40046
8044
95078
45112
98186
28187
38518
67779
76865
65840
43632
20345
44009
51192
31720
73827
38820
98360
27844
71352
84185
29249
71687
8864
15083
79490
39611
64819
2515
79383
27449
31487
92638
84960
71384
6857
50533
96876
82897
6987
29413
85716
7083
84923
4699
35428
42887
29740
59998
43028
5194
96877
7992
34037
20258
37904
33826
58342
57751
32678
23227
26374
32336
17093
88197
71204
79167
83371
92317
8211
73610
78812
63285
73497
77015
55431
13583
33287
31379
88040
34200
2114
53855
33414
75230
49183
12407
57308
59376
15790
1408
16981
17265
31917
20750
36976
77208
68382
81519
64580
70439
84019
20856
55260
76229
53477
86985
16803
10906
45891
25791
66203
90439
45288
26359
42023
52448
73893
71706
40265
37031
10302
99017
74214
22150
61457
13574
70597
3593
86032
71164
47670
91957
48112
83725
22351
56809
87322
49430
36562
34832
69182
64704
54090
39519
69192
68838
79572
51057
70731
66206
32187
41981
49497
73670
50907
29776
19829
51405
40487
55021
94143
58683
27431
65598
64366
37373
35129
36757
84765
57393
119
36291
38076
27498
8281
41940
51271
45825
9713
1669
31955
27256
58805
3300
85284
77292
51962
22723
88573
45847
72059
91096
81039
60222
99801
84307
30290
75486
48892
98492
94737
41006
29336
92041
61567
97873
29163
39066
57864
82618
32578
85681
6851
45596
34236
4977
44003
83181
59366
61458
98061
46999
88837
20189
16324
8283
16690
52330
93695
40802
6847
26804
81052
7969
36856
61526
98157
63528
9765
38437
1233
36231
3947
55241
37534
80893
78131
63640
75546
66175
77730
721
56137
85314
68583
54162
33665
39973
37652
4279
24857
7293
87620
95568
78528
7966
31002
41949
91402
77475
16394
62344
81668
65659
51121
77759
8585
77488
16446
3437
90317
63189
62932
78804
60630
98827
49320
95370
20523
93872
32837
72493
26245
24997
60143
515
29890
13786
5508
65266
27544
44824
59262
19737
78534
28842
83926
99625
66790
11817
22115
89380
62335
17603
44863
32240
19319
34759
10
68856
11366
68016
82792
89792
52454
47308
65701
94338
90534
75431
12505
11626
69629
16473
27623
55850
44635
48136
67839
87291
23899
31579
41219
41489
5717
71325
583
1625
19185
50954
55601
1298
18646
86489
80480
27941
45696
39174
54506
65954
12175
41883
71293
81080
80988
8282
12998
41521
63975
2474
39408
52968
98667
90107
10021
23752
82707
7991
86992
30146
86758
44520
65794
47018
52798
10784
93683
57039
68919
35048
18625
91285
94370
37609
44020
47153
8857
32817
84354
25760
47437
2498
36621
57700
5435
39773
39242
13884
85085
76550
58494
67711
99644
62068
60993
11701
63652
6935
49732
370
68944
92198
95790
91728
14916
59557
47138
88808
22777
49008
47581
9772
42802
28870
20635
99044
63758
38836
38265
33443
49015
572
9589
18725
3607
2563
95505
3047
34378
28500
78743
83139
53582
13908
18614
66023
11766
59715
95179
84145
65951
11819
40571
67881
80794
17065
63388
43419
92936
82741
8467
69423
74084
66063
37048
48295
13529
38248
77111
31956
35220
18826
97423
91125
35253
80613
1981
97102
27487
31799
63955
98849
90319
90775
33
89899
68169
56287
73749
92125
7469
48851
76479
63765
59433
64178
92429
77369
56424
75352
22934
24304
75048
12813
65842
72285
1161
36462
92198
65049
56162
85398
37022
56491
57421
35656
90930
86758
87906
4060
93323
75679
81058
65636
29279
74218
29610
8665
54167
5488
29127
18407
18034
46767
30920
76210
19363
33806
19151
34755
21622
84091
98114
87763
22512
50756
41214
62002
13331
1230
75371
94804
28896
49109
46122
13530
89207
50272
91978
95640
26491
89760
81690
72456
305
79717
44666
93451
8134
29277
19178
53271
57744
78410
6404
96833
33101
74111
9253
18376
68104
49207
85222
98684
69018
80977
92681
81065
56236
51532
67503
3492
3195
49563
66406
32528
31732
87813
26400
93037
75263
26845
61407
86719
57753
69400
88300
9078
21881
4752
75014
89791
34612
15124
87128
41734
59227
61609
90179
70918
10274
13858
54971
14991
60124
13015
61582
96531
79618
66597
61534
86861
95378
51138
61680
9070
84852
30683
14877
98566
32312
91756
12230
97355
92795
61595
83044
8968
73993
54097
88541
10277
76956
88758
32115
17903
81698
3624
28246
12581
84156
8791
73786
99902
931
4289
21859
27481
95462
40101
52892
72739
53134
34982
73064
35967
18882
9534
20592
8757
96358
97212
58522
45722
88062
65148
8411
93207
45073
36001
57955
33401
1385
42833
8022
44692
85238
9773
50235
42580
90066
48523
4782
52130
52767
94003
50064
75536
80205
16146
95294
71137
49016
85694
31423
42424
58253
98951
67606
28987
74829
86358
53528
90691
83435
60293
87351
37091
25967
24666
86813
65747
16701
29282
54580
81240
85967
26374
11138
82001
1759
41644
32563
21857
12961
86092
8910
65972
34413
74125
72617
7471
87994
72060
17241
9273
68742
64584
37217
75072
54546
18109
51371
73577
54442
79004
71029
83480
49155
71283
11011
69176
48221
10046
22067
43175
62983
28089
88557
3105
32385
20576
63928
85032
75005
85830
39242
21069
73087
90318
1976
87741
76836
69130
47339
41355
18718
46254
51188
29046
71517
27951
24758
21334
28650
27901
2913
41225
45453
15034
94079
48724
11726
65398
38599
94392
56536
10089
77072
89939
59769
45835
63071
18448
7015
69044
88449
26284
93789
97099
19348
44966
38434
48589
74175
77442
98410
31677
99330
18361
69174
79138
37641
64513
35959
39105
2650
88853
90736
16759
51757
18113
45209
93683
15099
10828
20032
4847
46607
78785
5290
92137
35642
74556
36215
24226
45411
22606
69315
7538
5275
68429
71240
37637
35917
22076
7329
98838
71348
77906
23626
81799
82184
96169
45315
36026
25232
59749
49971
47183
59035
41918
69001
65851
58058
11756
92670
68737
97541
88335
82390
56143
72365
9720
67014
24440
92817
97560
85167
59401
77467
52035
8136
34251
58050
85567
44698
70708
3362
67087
6980
39433
34600
24151
63327
50132
97799
82987
26428
79390
76873
45560
21578
64426
79455
91791
4052
10158
3257
70921
95110
53838
11089
17148
80784
3671
81921
93785
57603
21429
4661
62398
58360
56785
57787
94847
63536
85674
78999
87532
88310
95598
44211
55518
8289
73334
38228
89028
2037
63036
3463
25733
23817
36441
49146
69137
57924
85727
46088
49289
56961
53040
24620
61127
91729
62650
73623
5930
44991
59279
73532
21922
95086
1477
20424
78805
35007
83366
29487
19020
13007
45429
29761
51742
19005
68126
156
57942
73289
55224
2427
69123
49880
95547
79340
38652
11540
8024
84704
46958
19217
79993
58427
42723
91786
57429
63211
62417
65289
7024
77365
13084
67589
89549
21994
84457
42278
40465
89625
46464
67812
48246
28703
26332
35725
2280
9113
7283
17670
57119
32954
32029
53417
79258
97432
13315
37196
44724
43936
97541
38210
60934
54218
29831
43419
37689
84487
94649
45511
16678
44310
71554
38968
59020
38807
59048
76036
67724
83607
9087
15465
55940
91593
52812
6476
51783
28822
92852
50618
90038
73899
91814
88271
19357
21553
69953
81205
63596
93530
16771
98148
11280
64311
85392
22280
87662
40391
64955
67168
44923
1417
97204
9763
47259
72658
92334
15709
38676
77370
70859
67351
15566
32561
10439
55284
40073
36240
17694
61335
25627
95113
59995
5346
72229
46848
98942
36122
86288
18195
51880
71942
91721
36501
63814
46710
75703
66744
25016
32801
29269
5256
64125
37190
5584
55893
31773
91476
4478
92745
81650
77189
99161
81880
74516
77029
48887
65172
20256
56784
39655
66656
41060
4953
12810
95325
74825
21320
88300
94528
95710
94139
92638
5380
59229
15309
82225
48700
24604
42227
28176
14305
16978
32515
26330
94921
16835
71440
44251
62681
31338
73200
78759
48209
26531
44190
83442
59269
98386
34715
77967
23213
81203
73040
78754
31730
29951
47086
28516
89768
52471
24023
18483
96475
8560
90229
59475
35618
55836
5959
58661
20401
57969
57469
59779
48042
21784
10777
52597
50323
78484
66165
71507
65826
65324
963
12855
90389
56919
27087
6173
91807
17923
59681
4315
14077
70178
74207
56503
22438
57714
42415
97642
23328
61736
11258
10575
23728
27960
11501
74983
14729
65891
62104
58668
90726
98397
36025
26736
49362
121
2931
20657
56100
70292
78103
12987
18889
8411
75333
37275
88602
97242
56012
52988
34732
25026
15437
28063
2246
3766
80286
8027
50060
41363
23594
53135
32186
1113
51445
85152
10925
8250
86014
28148
81948
80445
2109
99273
46020
80527
10539
57298
24704
49768
46049
66223
49175
58229
2745
21129
84464
29895
33393
88647
64704
52792
6990
39855
29444
70997
53052
14556
84554
82796
92660
93560
19882
1075
53622
25143
29266
2642
82326
58801
98686
3887
62963
1785
22695
99893
84642
42782
51730
85855
90857
38525
29833
40838
63304
88897
81287
82341
2258
59641
89677
93445
55640
72244
63314
59370
96007
75419
59735
19161
47880
41002
66039
76868
95397
80557
32637
90036
68492
49620
27089
4946
77067
67411
16619
92978
1467
26712
63688
72380
51738
60457
59001
82808
33424
75417
18552
98741
59155
36679
51574
40726
83014
89524
10192
32507
88060
75967
10880
67239
10683
15934
22256
63667
71227
57755
24041
57102
8525
68264
46633
55535
48216
39105
88019
55161
42623
91997
11361
42249
19967
32208
1908
21439
6644
41344
73132
16199
3259
21378
43187
75363
78322
60657
6515
43607
87900
41706
24648
48944
46561
57510
4816
71057
20914
74293
52383
38172
84393
14292
39183
15770
81934
36554
57877
92007
3863
94437
32559
96221
15111
76268
9241
92155
79575
92480
61374
46001
56499
63220
86444
49867
19131
39814
64000
95224
67913
87353
71457
44981
46866
16304
10857
29339
77413
95177
61533
50402
54833
67412
18333
53040
29188
74767
68695
195
2573
4287
73494
31606
14499
16173
27192
18611
32671
20698
41246
17749
9955
61409
21500
76569
66942
86855
64688
18241
99816
23713
16303
53732
80519
71139
93691
91190
18485
31104
73425
16207
22968
85763
46078
74874
15953
98409
63090
56924
45648
7480
17037
991
94980
43072
29621
57179
817
68141
23082
40384
76730
28678
2385
53154
63422
46725
73868
17408
1182
9171
60394
40691
69116
48832
83131
47216
21024
94619
6204
41979
10804
75604
21393
3368
33615
77292
2896
93678
72111
94389
92826
86251
42143
60620
75333
64590
14072
50063
95028
57701
85668
1820
17896
22531
41438
40456
24879
14573
33524
89625
78082
88782
61249
68238
32741
72841
53655
67185
84328
77788
88787
87460
10551
94876
17638
50063
15198
49019
86388
2359
89719
22763
56047
50637
72852
38464
33681
23360
11237
86771
94134
82835
31527
71202
31475
1865
69674
80469
40567
59356
51485
88028
27804
7885
39959
8949
17834
18997
7396
65513
3977
55770
48651
43446
56960
85502
75609
67879
58863
50930
80812
93791
35493
44359
17437
77012
15231
28133
98634
67800
12638
31092
58303
71188
45540
30583
40929
81101
87530
890
58646
5672
8929
3808
46549
18249
10467
90623
20390
18967
9365
83527
42485
11260
9980
2237
55288
40040
59064
37638
27322
59573
47713
6110
31139
30950
72765
39625
12646
42824
69372
62177
62568
23002
39088
93422
50696
54985
66508
37011
26287
32628
38391
84165
73492
20623
83725
90007
25484
35234
47475
80912
15821
81969
2644
77886
82302
30199
32349
27908
52637
80619
95250
32527
22028
20165
55275
80646
40825
48954
39118
57151
73512
18338
15818
91983
84191
37403
4237
71034
25421
32583
60547
23016
8344
67088
91403
48216
56739
32747
18424
78670
2232
86170
28161
62087
19927
70860
11781
42542
25371
38783
3519
27912
26085
1382
90625
97065
11208
4997
46096
25129
81328
87833
47164
60849
74799
73589
74650
40879
79078
46246
35712
18122
28204
12856
39965
87407
98430
63890
60531
75593
54819
32989
55441
50415
94971
49730
64273
39064
66723
65712
98058
33002
88520
93597
22931
72687
56838
91108
18933
1417
6363
81069
51532
9980
37101
64074
17818
55401
6708
47709
14376
77116
73957
72983
12889
39771
59580
33083
18733
53215
24070
85473
67983
6015
27560
34551
61659
66919
89136
46370
32752
57544
64790
79554
26189
24904
40206
20595
63116
76122
59020
99024
49720
96777
91348
3282
16620
26223
62430
41430
73705
76642
59459
2940
82003
64717
39654
72203
13449
22748
25154
71059
25087
67568
94027
28522
90649
51827
67555
83384
15335
46150
41181
89998
80856
71126
69478
7089
52924
82510
64052
57781
63898
3941
30030
50532
15978
93496
45238
46334
18224
84818
87183
60698
71605
27559
89999
22026
708
64064
85410
55452
68382
2673
98424
44925
6331
79175
99404
52857
93374
66429
67282
1117
45491
99277
91677
99870
35655
11299
89098
89650
42084
749
22764
42459
68744
99215
6197
60196
73025
65684
59005
88228
81031
31838
2482
15616
14453
62750
28797
89869
24166
67583
5580
27283
22664
92349
34946
44525
23840
87667
28695
97484
96538
25170
69037
15739
1130
31086
69808
98334
14020
21585
55241
68852
10676
75091
83712
44379
24347
35201
7179
51026
25128
22170
66135
67385
88846
49113
46257
92725
63431
21997
49010
72337
62309
3140
86981
21790
7568
33189
90966
95610
63330
69725
72409
2799
43067
69650
42420
27474
53441
5811
21034
90188
36439
33840
7813
69429
35193
91782
85312
28188
56530
19059
2350
56163
43194
69127
56425
583
78607
46875
68571
19678
97422
18940
93506
6617
43470
39807
41604
86281
69562
57977
91408
12253
62441
75174
52268
99465
22844
58983
22400
82787
3187
11401
76575
59527
11916
74432
73645
44027
5497
97011
54641
45228
31420
57840
33880
77751
71106
91552
80771
69764
22298
43093
97839
17676
77617
97120
49759
44091
44427
736
8264
42768
45151
43413
88281
40130
35087
99346
42436
69117
40611
10480
53613
77642
97441
18495
26927
58124
65963
1399
14693
48295
73430
46445
99388
39707
33186
20930
50834
70574
43674
29941
36554
68679
5738
87801
69808
80086
88280
40929
18723
38386
27489
49719
58148
5179
53841
53068
40602
42109
98877
63274
57023
57014
39329
99621
27274
16206
22481
1583
5561
73861
9822
90443
73435
96012
60104
38202
97560
63529
1146
71057
64990
32989
58695
76076
5417
56130
87326
28763
30093
92718
26700
29594
41411
77717
85263
34111
78382
17707
8563
41005
15785
81222
32011
99845
61551
51457
1645
19740
83334
51069
94538
903
72712
40387
86952
97395
4496
55589
66110
3025
37662
73250
25196
8526
36679
23112
44245
63201
64028
60979
61562
41950
468
92820
24692
41607
25721
813
22445
90178
88716
38232
45787
84870
82038
27367
47738
80015
64109
99751
63909
67985
30527
16094
98097
39081
70429
25011
75206
88686
39463
46156
60155
42503
14064
12626
82221
80950
85710
8722
38907
42674
67904
12637
76801
14610
34876
60366
33263
59461
95252
80779
22406
75167
33092
57925
61999
40622
86587
57594
11127
86827
8772
61114
17226
74891
41488
33510
4459
99221
70721
52084
16973
68302
68181
93263
10577
65072
37805
13020
79805
97305
12282
279
66325
78496
50051
48540
38233
21986
47860
82849
77307
33594
43207
44000
20603
55856
49896
63603
16961
50184
59207
90584
24277
59
77055
84820
77566
85347
80414
86420
90070
91439
25233
25774
73319
92150
49230
55014
24357
81353
88477
80140
3366
94689
22083
96675
30690
34040
15180
19421
29475
34771
32980
9121
80009
34876
74227
67023
41405
6959
61571
32954
50672
12394
81551
74164
81999
64839
84377
25032
21669
67622
59016
47008
52557
71203
90893
88998
62354
17992
39856
13096
56326
97755
78652
2901
19131
38999
64803
11555
29217
27768
20175
43795
68285
76720
48103
56429
66
70807
95930
12837
56814
81599
57995
18687
79396
91813
40088
46734
36289
30371
76489
24600
7805
93827
99602
63349
19712
27598
997
54070
41023
82499
92087
39971
51858
15587
77197
25405
23539
33608
35363
46114
61300
87734
71896
77102
4605
46154
17434
64894
51106
24527
11689
98896
76157
75599
42571
94119
40845
45990
1420
8331
2090
21587
2351
8845
29859
42088
61941
76008
17718
48384
14696
41026
12395
272
32773
58449
2030
79190
62917
2811
73960
59982
55654
93494
43513
65476
36666
60623
62036
94275
75212
37286
59798
43948
20074
62421
62628
68482
91955
44753
60192
6082
16063
70762
13703
45361
53477
1197
51915
45005
24397
8424
968
91237
55795
71053
68069
85925
94164
98576
31306
49801
94713
48043
5208
70770
30365
41057
24360
5783
33020
10782
32996
79699
59130
53309
71708
99452
47756
61860
22503
37940
81351
53226
21687
64536
70628
91449
41270
4438
25613
12687
47458
67643
38375
43774
8323
54986
1627
88050
12901
7625
56131
16307
36567
16246
92109
41792
26462
36374
40559
2012
19894
99502
98407
98309
84199
97131
47629
79710
55936
22427
16729
63279
51058
64446
82218
50467
25227
84599
71802
71535
29166
85789
90491
17490
91212
21551
13581
81207
14721
97860
34272
43063
64333
69919
54273
89308
49805
28033
61347
80832
98229
93273
19595
94005
84173
92854
14359
67902
55397
87102
44427
73465
726
823
93210
58528
60375
32546
77646
4197
1688
27463
63285
10523
69343
62635
456
62323
46429
85855
57368
3044
81387
67955
3767
65732
40582
35783
10657
9939
68997
44097
70949
46039
93267
57018
91988
92513
24941
4403
33668
91342
28857
75110
69889
78730
63649
72759
44433
31567
78923
62729
7490
33484
35990
39021
39923
95041
86643
91285
68028
19974
33405
7014
28378
18858
80663
41676
11803
5369
48513
30439
67586
72375
99638
81379
55928
86826
64997
2790
62607
4340
56330
36131
16020
76925
78473
42955
78001
51727
70726
91715
35356
43003
95267
90320
30367
53401
70231
15887
41892
6700
59144
76865
55805
90020
91781
99716
1070
24381
64066
73245
88664
26789
74160
65968
90114
63131
16056
77234
39653
26323
86964
31734
63701
40150
94475
65828
17288
84710
88487
16904
35780
89118
56629
21382
26313
72056
80536
16619
75063
37321
78506
54334
49949
89703
29968
37686
14080
81034
50040
77669
3301
74864
13106
30610
25179
74267
15432
50852
65256
59445
36539
81210
17006
21780
18012
51896
12249
49656
3076
7868
18504
17968
64241
60527
40885
66973
79485
64279
291
12367
79036
26792
74563
80843
66194
52411
98307
21646
55790
79223
4979
93867
5991
91755
38038
28752
30546
36381
29058
67591
15421
92733
66643
70104
15147
20883
15474
63148
40525
68920
27709
93996
35161
36992
96468
45352
83305
62388
38367
42227
65170
86270
94143
95467
99071
66013
75696
83351
4618
23929
15159
6122
25207
24208
56174
3428
3629
59439
16841
93655
37426
75548
75268
77830
71106
84816
94091
63594
21995
39362
1669
52014
99463
23838
83262
4538
9271
49973
12464
56494
30489
94926
74189
78404
67910
95482
9644
88567
42283
51365
89389
74115
97057
47369
59211
70370
10987
67196
11805
60405
51212
73353
83752
26948
81602
56572
67781
83036
55267
36599
90794
46423
84178
93378
15352
25114
7966
15135
6625
8791
2807
91067
13523
58675
46990
47777
32582
4418
72201
92489
17661
28494
60031
73933
62428
74391
92374
57403
99047
5140
75350
90215
49523
46103
57033
95768
99116
64463
65106
13027
75905
54023
23304
34165
39343
38380
99821
2025
3145
4907
49167
95321
63905
76633
93338
41810
89366
15948
67703
95008
18009
80647
26086
60776
2461
91987
70931
23701
9948
41320
69368
84105
61856
62507
23759
69653
61141
